Size,Bedrooms,People,Electricity,Water,Expense
501,2,2,57,11.3,7442
501,1,1,154,10.1,6368
501,1,1,73,10.5,7094
501,1,2,85,9.4,6774
501,1,2,156,9.7,6482
501,1,4,175,14.2,6590
501,1,2,59,11.8,7441
501,1,1,75,10.8,6869
501,1,2,111,9.3,6460
501,3,3,61,10.6,7487
501,2,4,180,13.0,6701
501,1,1,85,10.7,6712
501,3,2,58,11.5,7571
501,1,2,114,9.3,6425
501,1,3,170,10.0,7548
501,1,1,87,9.4,5913
501,1,2,83,11.2,6996
501,2,1,150,8.8,6513
501,1,2,111,8.4,6502
501,1,2,60,10.9,7421
501,1,1,200,10.8,7278
501,1,3,172,12.5,6516
501,2,3,200,15.1,8877
502,1,3,187,10.7,7791
502,2,2,57,10.2,7438
503,1,1,172,10.7,7656
503,2,1,155,12.0,7449
503,1,1,87,10.4,6991
503,1,1,154,9.3,6385
504,1,2,114,9.3,6396
505,1,2,171,10.6,7837
505,3,3,227,9.4,8344
505,1,2,151,14.3,6619
508,1,4,167,13.2,6732
508,2,1,76,7.0,5334
509,2,2,61,11.5,7358
509,1,2,175,10.2,7555
509,1,3,200,14.4,8743
510,1,3,170,13.5,6619
510,1,2,147,13.4,6639
510,1,1,83,10.3,6565
511,1,1,83,10.6,6722
512,1,2,131,10.3,7324
512,1,1,79,10.3,6987
513,2,1,81,9.8,6740
514,1,2,183,11.0,7537
514,1,1,186,6.7,6606
515,1,1,154,9.2,6148
516,2,2,156,11.5,7544
517,1,2,145,14.5,6639
517,2,1,203,10.5,7422
518,1,3,180,10.9,8758
519,1,1,200,10.5,7332
520,2,2,159,12.2,7620
520,1,3,186,11.5,8065
520,1,3,173,13.5,6612
520,1,1,220,8.9,7199
521,1,1,153,8.7,6479
521,1,1,93,8.5,5925
523,1,2,183,11.1,7753
524,1,1,201,10.7,7248
524,1,1,201,10.3,7384
525,1,3,176,9.9,7540
525,1,1,204,10.5,7437
526,1,1,197,10.6,7413
527,1,1,83,10.4,6968
528,2,4,194,18.6,10714
528,1,2,152,9.5,6377
529,1,2,132,11.4,7306
530,2,2,183,13.2,7648
530,3,1,183,13.0,7669
531,1,1,90,7.4,5893
531,1,1,91,8.1,5924
532,1,2,111,9.5,6590
533,1,1,119,10.0,6963
533,1,2,133,11.5,7274
534,1,3,180,11.2,8749
534,1,3,240,13.2,7106
535,1,1,82,11.4,6966
535,1,1,166,8.8,6509
535,1,1,79,9.9,6976
536,2,2,226,9.0,8550
536,2,4,178,10.8,8782
536,1,2,130,10.9,7191
536,2,1,155,7.8,5117
536,2,3,169,13.3,6670
536,1,1,163,9.9,6501
537,2,2,82,9.9,6946
537,1,1,94,8.0,6108
538,2,2,183,12.8,7742
538,2,2,85,10.3,6871
538,1,2,125,11.3,6965
538,2,3,156,12.7,6724
539,1,2,168,8.6,6586
539,1,1,125,8.7,8726
539,1,3,175,11.7,8868
540,1,1,219,7.7,7225
540,1,2,225,9.1,7415
540,1,2,185,11.4,7819
541,1,1,81,8.1,5279
542,2,2,124,8.8,8840
542,1,1,220,8.7,7397
542,2,2,176,12.9,7793
542,1,1,184,6.8,6627
544,2,1,116,8.4,6659
544,1,1,117,8.2,6879
544,1,1,76,9.4,5248
545,2,1,243,11.7,6948
546,1,2,121,9.0,8802
546,1,3,128,9.6,8832
547,1,3,179,11.3,7845
547,2,3,224,9.7,8406
548,1,2,182,11.5,7971
548,1,3,181,11.1,7744
548,1,2,122,8.8,8989
549,1,3,226,9.9,8317
550,1,2,221,8.8,7247
550,1,3,185,11.4,7855
550,1,2,163,8.8,6395
550,1,1,77,8.0,5309
550,1,1,121,9.1,6892
551,1,1,86,10.4,6875
552,2,3,153,12.9,6678
553,1,3,124,8.3,8777
553,1,1,164,8.9,6464
553,3,3,230,9.6,8319
555,3,2,223,10.4,8207
555,2,4,191,15.7,10429
557,2,3,245,12.9,7008
557,2,2,155,11.6,7271
557,1,1,152,6.4,5141
558,2,2,99,10.0,6092
558,1,2,183,6.4,6434
558,1,2,185,11.6,7822
558,1,2,221,8.8,7220
559,1,1,135,9.6,5551
559,1,3,154,11.4,6693
560,1,2,247,12.4,6963
560,2,3,154,12.6,6671
560,1,3,245,11.4,7026
560,1,1,123,10.6,7026
561,1,1,80,7.5,5290
562,1,1,127,9.0,6789
562,1,1,122,10.6,7072
562,1,3,158,12.9,6799
562,1,1,125,8.8,6908
562,1,1,83,10.8,7036
563,1,2,154,11.4,8156
563,1,1,154,6.2,5293
564,2,4,191,18.8,10830
565,1,1,79,10.1,6432
565,1,1,153,7.4,5133
566,1,2,124,11.3,7049
566,1,2,243,12.1,7009
567,1,3,169,14.6,7345
568,1,2,247,12.0,6947
568,1,1,154,6.6,5117
568,1,3,170,14.0,7017
568,3,3,133,16.8,10161
570,1,1,124,9.9,7047
571,1,1,162,11.6,7379
573,1,4,178,14.2,7272
574,1,1,163,12.3,7520
575,1,1,80,7.3,5418
575,1,2,173,14.2,7472
575,1,3,193,12.1,7593
575,1,1,123,9.7,7081
576,2,2,191,11.2,8231
576,1,1,95,9.9,5950
577,1,1,80,9.6,6404
578,2,1,116,8.8,6978
579,2,2,95,10.1,6168
580,1,2,154,12.0,8099
580,3,3,157,11.4,6731
580,2,2,172,8.4,5223
581,2,1,167,8.1,5117
581,1,1,152,6.5,5304
582,1,1,144,9.2,5651
582,1,2,148,12.3,8135
582,1,3,192,12.5,7786
583,3,2,196,13.3,9720
583,1,3,163,12.5,8737
583,3,4,186,18.9,10681
583,1,1,167,9.3,5360
584,1,1,160,6.5,5117
584,2,2,146,9.0,5466
584,1,4,194,15.6,10493
585,1,3,170,13.6,7362
585,1,3,168,13.0,7175
585,1,1,176,14.2,7569
586,3,2,98,10.6,6270
586,1,2,173,9.0,6189
586,1,2,185,11.7,7592
587,1,3,166,13.3,7162
587,2,3,133,14.9,10160
588,1,1,193,10.4,7345
588,1,1,116,8.6,5601
588,2,3,168,13.5,7182
589,1,2,192,13.1,7739
589,1,2,151,12.2,8101
589,2,1,198,8.5,6448
589,1,1,170,8.3,5236
590,2,3,188,12.8,7984
590,1,1,143,8.5,5503
591,1,1,191,11.5,8072
591,2,1,193,9.8,6314
591,2,5,194,19.2,10920
592,1,2,183,10.7,7455
592,1,1,170,9.0,6122
592,1,2,122,9.0,5605
592,1,2,119,8.5,6887
593,2,3,156,13.4,7344
594,1,3,168,13.7,7110
595,1,2,194,11.2,8167
595,1,2,196,11.0,8155
595,1,1,167,9.5,6153
595,2,1,163,12.1,8820
596,1,1,180,12.6,5452
596,2,3,170,13.9,7006
597,3,3,219,10.5,8274
597,2,2,189,13.2,9485
598,1,1,194,10.7,8124
598,2,3,132,15.5,9988
599,2,1,153,6.4,6611
599,2,4,130,14.7,10091
599,2,3,150,13.6,7153
599,2,3,132,14.7,10103
599,1,1,170,12.7,8726
600,1,2,135,13.2,6634
600,2,4,217,10.9,9580
600,1,2,191,12.9,9419
600,2,1,188,11.3,7374
601,1,2,152,7.3,6877
602,1,1,115,9.7,5524
602,1,1,152,7.7,6661
602,2,1,197,9.3,6417
602,1,3,166,13.8,7176
603,1,1,166,8.7,6109
603,1,2,163,12.7,8659
603,1,1,97,9.7,6947
604,1,2,115,8.9,5541
604,1,1,153,6.9,5117
605,2,1,193,11.9,8218
605,1,2,136,13.0,8935
605,2,4,169,13.5,7144
605,1,1,145,9.1,5516
605,1,4,122,12.6,6674
606,1,2,162,12.9,8813
606,1,1,118,9.0,5562
607,1,1,117,9.1,5720
608,2,4,227,11.1,9423
608,2,1,192,12.8,9704
610,1,1,92,10.4,6835
610,2,4,180,13.9,8436
610,1,1,173,8.9,5569
610,1,2,178,12.9,5426
610,1,2,153,11.7,8019
611,1,3,169,13.7,7138
611,1,1,168,9.5,6122
611,1,1,170,9.5,6355
611,1,1,147,6.7,6734
612,2,4,152,15.1,9227
614,2,2,221,11.9,9437
614,1,2,192,12.8,9322
616,1,1,167,9.0,6165
616,2,3,151,13.3,7324
617,1,1,195,9.7,6373
617,1,2,132,12.9,6552
618,1,4,169,13.7,7141
619,2,3,179,13.8,8434
620,1,3,187,11.0,7784
620,2,2,186,16.0,6857
622,1,3,131,13.4,6663
622,1,1,93,10.3,6946
622,1,2,152,8.8,7421
623,1,2,163,13.4,8693
624,2,1,198,10.0,6331
624,1,2,234,12.9,6873
624,1,1,197,11.4,7429
624,1,1,142,8.7,5718
624,1,2,133,13.9,6562
624,1,1,138,9.2,5150
625,1,1,158,9.1,6613
625,1,3,127,13.5,6660
626,2,3,222,11.0,9392
626,1,1,137,8.1,5117
626,2,2,186,12.0,9796
627,1,1,151,7.5,6767
629,2,1,101,9.2,6989
629,1,2,186,15.0,7088
629,3,2,181,13.6,8355
630,1,1,134,9.6,5125
630,2,2,193,13.0,9745
630,2,3,191,15.1,7052
631,1,3,223,11.3,9401
631,1,2,150,8.6,7070
631,1,1,121,8.8,5639
631,1,2,138,13.9,9070
633,1,1,98,10.0,6959
634,1,1,158,7.1,6725
635,1,2,183,12.6,5381
636,1,2,190,12.2,9265
637,1,1,163,8.6,6264
637,1,2,139,13.9,8958
638,1,1,149,7.7,7288
638,1,1,193,12.1,9392
638,1,1,152,8.4,7281
638,2,2,220,10.9,9382
639,1,3,193,15.8,7014
639,2,3,188,14.5,6970
642,1,1,159,11.6,7152
642,2,2,175,17.6,9049
643,1,1,99,9.7,6948
643,1,1,139,8.5,5197
644,1,2,197,11.5,7520
646,1,2,229,12.3,7662
646,1,2,234,12.6,6730
647,2,1,152,7.8,7287
648,2,2,199,11.6,7455
649,1,1,168,8.6,6167
649,1,2,231,12.5,7512
650,2,3,226,11.5,9304
650,1,2,139,14.3,9004
653,1,3,228,11.5,7662
653,1,2,195,11.7,7428
654,1,1,149,8.1,7233
654,1,2,182,9.9,8017
655,1,2,133,15.1,8862
658,2,1,226,12.2,7486
658,1,2,194,11.4,7579
658,1,1,149,8.3,7363
659,3,4,177,15.4,8828
660,1,2,193,11.4,7251
660,1,2,232,12.7,6727
661,1,1,156,11.7,7099
663,1,2,188,14.9,6912
664,2,2,179,17.1,9137
664,2,4,179,15.2,8663
665,2,4,174,15.2,8597
665,1,4,134,14.3,6688
666,1,1,126,7.7,7267
666,1,2,233,12.8,6543
670,2,2,176,17.8,9076
671,1,1,234,12.9,6766
671,1,3,221,12.3,9403
672,1,1,184,10.0,7171
673,1,3,185,16.4,9104
673,2,1,123,7.8,6300
675,2,1,179,17.0,8850
675,1,2,121,8.7,5561
677,2,1,220,10.3,9152
677,2,3,176,11.2,6085
679,2,4,185,16.7,9059
680,2,2,179,16.7,9065
680,1,1,162,5.5,5858
681,2,4,189,17.9,9215
681,2,3,227,12.3,9222
681,1,2,109,9.5,5821
681,1,1,124,7.6,7455
682,2,3,203,10.6,8470
685,3,4,183,16.7,9180
685,1,1,120,6.6,6207
685,2,1,168,11.9,6656
686,1,1,121,7.6,7242
686,1,1,154,11.8,7247
686,1,1,120,7.6,6415
687,1,1,108,9.7,5613
687,1,1,113,10.1,5790
688,2,1,109,10.1,5808
689,1,1,120,7.5,6400
689,1,1,96,10.8,7023
689,1,1,124,7.4,7320
690,1,1,114,9.8,5890
690,2,4,237,14.6,9208
690,2,2,206,9.9,8531
692,2,1,168,12.6,6214
692,2,2,177,11.8,6477
692,3,3,183,15.3,11392
693,2,3,205,10.0,8358
693,2,2,223,11.1,9085
695,2,2,175,11.7,6110
696,1,1,169,11.4,6463
696,2,3,173,12.0,6175
696,1,2,172,9.2,7128
697,2,2,205,10.6,8472
697,1,1,122,8.8,5431
697,2,2,196,11.4,8614
698,3,3,192,15.7,8718
700,2,3,181,14.9,11396
700,2,2,176,12.3,6179
700,1,5,174,15.3,8513
701,2,3,192,16.2,8692
701,2,2,175,12.0,6242
702,1,1,124,7.1,6505
702,1,1,170,10.0,6996
702,2,3,226,13.0,9416
703,2,1,167,11.9,6534
703,3,2,177,16.3,8955
703,1,2,195,12.2,8077
704,2,2,170,11.9,6489
704,1,1,117,9.0,5356
705,1,2,174,9.9,7043
706,1,2,123,8.8,5274
706,3,2,220,11.1,9231
706,2,3,240,15.0,9216
708,1,1,184,5.5,8001
708,2,2,245,14.9,9366
708,2,3,224,13.0,9463
708,2,4,210,17.1,11112
709,4,4,191,17.1,9219
711,1,1,175,10.6,5931
711,2,1,116,10.4,5777
711,3,5,185,16.6,9167
711,2,4,226,12.9,9381
712,3,2,217,12.9,9504
712,3,2,204,9.8,8449
713,3,3,194,16.2,8721
714,2,2,203,10.3,8450
715,3,4,185,17.0,9261
716,3,4,186,17.0,9298
718,2,1,182,11.1,5881
718,2,3,195,16.4,8640
718,1,2,211,10.1,8439
719,1,2,165,5.5,5779
720,1,1,171,10.1,7625
720,1,1,176,9.6,6148
723,1,1,178,7.0,7952
723,3,2,218,12.0,9406
724,1,1,179,11.0,5989
724,1,1,177,10.3,5983
724,2,2,177,10.5,7508
725,2,3,154,13.5,7394
725,1,2,240,10.5,7554
726,1,2,162,6.7,5655
727,2,3,201,12.8,8116
727,1,4,199,15.7,8112
727,4,5,184,17.3,9156
728,2,2,195,12.7,8052
729,1,3,237,10.8,7714
729,1,1,178,10.3,6026
729,1,2,116,8.4,5456
729,1,3,243,10.5,7576
729,3,3,197,11.9,7894
731,2,1,157,9.5,8421
732,3,3,138,14.1,8530
732,1,1,165,6.1,5786
734,1,1,171,7.0,7904
734,1,5,202,17.5,10900
734,1,3,204,15.0,7986
735,1,1,146,11.2,7876
735,1,2,241,9.5,7768
735,2,2,195,11.1,8460
735,2,1,161,9.5,8279
735,2,4,205,18.0,10994
735,2,2,180,10.6,7748
736,2,2,192,12.8,8026
736,2,3,205,14.5,8126
736,1,1,159,6.5,5889
738,1,3,202,14.7,8028
738,2,2,232,11.9,9741
739,1,1,168,10.9,7661
739,1,2,202,15.3,7831
739,1,1,180,11.0,8317
740,3,4,247,18.8,12624
740,2,3,135,15.2,8479
741,2,2,176,10.3,7572
742,2,1,176,9.9,6025
742,1,1,179,11.3,8274
744,3,5,250,19.6,12452
744,4,4,190,15.8,9287
745,2,2,221,12.0,9532
745,4,5,255,19.2,12468
747,2,4,205,17.6,11030
747,2,4,201,18.1,11079
747,3,4,186,11.4,8535
748,3,5,249,19.6,12392
749,1,2,144,10.9,7966
749,1,1,170,9.6,7457
750,2,4,200,19.2,10878
750,2,1,172,10.9,7683
753,2,3,151,13.3,7415
753,2,4,146,12.8,7478
754,2,4,207,18.3,11153
755,1,1,172,10.6,7665
755,2,2,169,13.9,8944
755,1,1,175,7.6,7955
757,1,2,177,10.7,7615
758,2,1,170,11.7,7771
759,1,4,203,14.7,7849
759,1,2,284,11.3,8009
760,2,2,177,14.4,8954
760,2,3,192,11.3,8474
762,1,2,242,11.9,8407
762,3,2,175,14.4,8742
762,1,1,176,10.7,7907
763,2,2,221,11.7,9509
764,2,2,136,14.1,8475
765,3,2,132,14.1,8609
765,2,1,138,11.9,6196
765,2,2,190,15.8,8832
765,1,2,241,10.8,7452
766,1,1,173,11.1,7814
766,1,2,241,12.0,8480
766,2,3,190,11.1,8551
767,1,2,235,12.6,8633
767,1,1,247,12.6,8558
767,1,1,94,9.6,5857
768,2,2,133,12.7,8367
768,2,2,171,14.8,8861
770,4,5,248,20.3,12419
770,1,3,185,15.4,8509
770,1,1,99,10.2,5870
771,1,1,173,9.8,7720
771,2,1,177,10.3,7958
771,1,1,222,11.8,9597
772,1,1,92,10.1,5882
773,2,4,186,15.0,8349
773,2,3,151,13.7,7465
773,1,2,140,10.6,7826
773,1,1,94,9.3,5867
774,1,1,170,11.4,7635
777,1,3,184,14.7,8628
777,3,2,135,14.3,8582
780,2,3,173,14.9,8582
780,1,4,181,14.7,8743
780,1,1,136,12.3,6039
780,2,1,174,14.6,8807
781,2,1,98,9.7,5903
783,1,2,181,14.4,8643
783,2,1,170,10.2,7807
784,1,2,182,11.9,7853
784,1,3,185,14.6,8516
787,2,2,243,12.9,8395
787,1,1,139,11.8,6010
787,1,3,183,16.0,9074
788,1,2,188,13.0,7994
793,1,2,286,11.3,8021
800,2,1,178,10.5,7967
801,2,1,178,10.7,7942
801,2,1,179,10.3,8125
802,1,3,186,16.1,8949
804,1,3,184,14.6,8249
806,1,3,191,16.7,9021
806,3,1,173,10.6,8158
806,3,3,220,15.3,11048
807,2,2,242,13.9,10170
810,1,2,166,13.3,8271
810,3,4,219,14.5,11075
816,2,3,219,15.5,10073
816,2,3,214,16.4,9547
817,2,2,168,12.6,8207
817,1,1,164,9.1,8240
818,1,1,182,11.6,6807
819,1,3,285,11.0,8116
819,2,2,186,12.3,7891
819,3,2,173,11.4,8927
820,2,2,173,11.0,8758
822,3,3,221,15.0,10821
822,1,1,187,10.6,6958
823,1,2,285,11.5,8078
824,2,4,240,13.8,10088
824,2,2,222,15.7,9992
825,2,2,148,12.0,9167
826,1,3,186,17.1,8951
827,2,2,258,12.5,9122
828,1,2,187,12.2,7932
828,1,1,258,13.6,8958
829,2,3,171,11.0,8714
830,1,1,190,12.2,7956
830,2,3,240,13.5,10094
830,1,2,142,13.4,9467
830,3,3,220,15.1,10964
831,2,3,239,14.4,10265
831,1,3,217,16.0,10077
832,1,3,143,13.8,9520
832,3,4,209,17.5,9723
833,1,1,182,11.5,6872
833,1,2,151,11.3,8938
833,1,4,213,17.5,10854
833,1,1,185,11.6,6897
834,1,1,288,11.1,7870
835,1,3,140,12.7,9574
836,2,3,236,13.8,10052
836,2,3,216,15.2,11025
836,2,2,150,11.0,9109
837,1,4,137,12.0,9556
837,2,3,214,16.9,9653
837,2,3,242,14.0,10108
838,1,1,163,9.6,8489
838,2,2,222,15.0,11119
841,2,2,161,11.5,7674
841,3,3,222,15.9,10072
842,2,2,244,12.9,9172
842,3,2,214,16.3,9723
843,3,2,248,13.3,9137
845,3,3,221,15.2,11086
845,1,1,168,9.2,8267
845,3,1,174,11.6,8082
846,2,1,183,12.8,7793
847,3,3,222,14.8,11112
847,2,3,241,13.5,10135
849,1,3,254,15.3,9994
849,3,3,223,15.2,10864
850,3,4,250,14.4,10100
850,1,3,213,16.8,9760
850,2,3,165,11.3,7772
851,1,3,215,14.6,10039
851,2,3,253,13.6,9869
851,3,2,184,17.3,8601
852,2,3,215,15.2,11105
853,2,3,218,16.8,9743
854,1,1,180,12.1,6907
855,1,2,170,9.4,8401
855,2,3,219,15.7,10146
855,2,2,238,16.0,10140
855,1,3,269,16.2,9044
856,2,4,218,17.3,10964
857,2,2,171,16.1,8788
857,2,2,251,12.7,9190
857,2,2,252,13.0,9041
857,1,1,179,16.8,8537
858,1,1,166,9.0,8068
858,2,3,254,14.4,9741
859,2,4,242,17.5,11370
859,2,2,182,15.8,8694
859,1,3,270,16.8,8909
860,1,1,169,9.5,8024
861,1,1,231,6.0,6984
862,2,2,179,16.7,8598
862,2,3,215,17.1,9712
862,1,2,205,10.1,9280
863,3,3,192,7.2,8143
863,2,4,215,16.8,9630
863,2,3,166,16.9,8648
864,3,2,217,15.3,10994
864,2,2,194,7.4,7977
865,1,1,172,10.3,8073
866,2,1,164,7.5,7004
867,1,1,232,6.3,7058
868,1,4,168,15.9,8490
868,2,4,248,12.9,10089
868,1,2,141,12.8,7098
869,2,3,253,14.1,9812
869,2,4,212,17.5,10952
870,2,3,248,13.2,10000
871,3,3,188,10.3,9459
872,1,3,274,17.5,8861
872,2,2,144,12.5,8777
873,2,2,197,11.3,9476
873,2,3,166,16.8,8601
873,1,3,267,16.4,8878
874,1,2,271,16.5,8854
874,1,3,269,16.0,8932
874,2,2,145,13.0,8807
875,2,2,163,11.4,7623
875,1,4,165,16.8,8751
875,3,2,168,16.2,8434
875,1,3,185,16.4,8459
876,2,3,143,12.8,8691
877,2,2,240,16.3,10165
877,2,1,240,9.3,9017
878,1,2,238,5.5,7004
878,2,4,195,14.3,10043
878,1,3,272,16.3,9041
879,1,1,200,12.6,8520
879,1,1,229,5.9,6948
879,1,1,231,5.5,7017
880,1,3,141,12.2,7072
881,2,2,202,13.0,8438
881,2,2,270,16.2,9084
882,2,1,243,7.8,8857
882,1,5,242,17.4,11151
882,1,3,228,11.7,10176
883,3,3,204,11.3,9832
883,2,2,150,11.5,9173
884,2,3,240,15.2,10097
884,1,1,170,9.7,7496
885,1,2,143,12.8,7100
886,1,2,180,16.5,8592
886,2,1,162,12.0,7769
886,1,3,145,13.7,7259
887,1,4,173,15.2,10085
887,2,4,238,14.6,9206
887,2,1,243,8.0,8840
887,1,1,247,8.7,8906
887,3,3,200,12.9,8441
888,2,2,190,11.2,9436
888,3,3,201,10.2,9850
888,2,4,202,13.9,9963
888,2,2,141,12.5,7200
889,3,3,202,11.7,9876
889,2,3,236,15.6,10076
889,2,1,237,11.3,9054
890,2,2,179,15.0,10358
890,3,2,159,12.0,7718
891,2,1,174,7.8,9268
892,2,2,168,10.1,5771
893,1,3,272,16.0,8895
894,1,3,212,11.9,9038
895,2,2,147,11.7,8638
895,2,2,196,11.6,9184
895,2,1,202,13.4,8245
895,1,2,221,12.1,10025
895,2,3,195,14.0,9984
896,2,4,239,14.6,9929
896,2,2,216,12.9,8798
896,2,2,164,10.0,5864
897,1,2,151,10.7,8480
897,2,1,164,7.1,6795
897,2,1,164,7.0,6848
897,1,3,275,15.5,8949
897,1,2,210,11.5,9223
898,2,1,244,11.2,8837
898,2,3,167,10.4,5824
899,2,2,200,12.9,8367
899,3,3,168,9.9,5660
899,1,2,145,13.1,7063
900,2,2,170,16.9,8608
900,1,2,229,12.0,10184
900,2,2,239,11.4,8882
900,2,1,246,8.3,8915
901,1,1,171,8.2,9271
901,2,3,232,15.0,9363
902,2,2,238,10.4,8838
902,2,2,230,5.7,7014
902,2,2,212,11.1,9218
903,2,3,174,15.7,10283
903,1,2,144,12.7,6929
904,1,2,168,10.2,5824
904,2,2,214,12.1,9060
904,2,3,233,14.8,9385
904,2,1,161,6.4,6657
904,2,2,212,12.4,8845
905,2,3,152,10.2,8579
905,2,4,217,15.9,10273
905,2,1,232,5.5,7048
906,1,2,166,9.9,5760
906,1,1,239,11.4,8836
908,2,3,201,12.5,8295
908,1,1,173,10.9,7533
909,2,2,234,14.9,9428
909,1,3,190,10.1,8482
910,1,2,215,12.4,9280
911,2,1,163,7.7,6995
911,1,3,216,13.9,9007
912,2,3,212,12.2,9168
914,1,2,235,11.4,8745
914,1,1,170,10.5,7666
915,2,4,177,16.0,10102
915,2,3,173,15.8,10346
917,1,1,175,10.3,7660
917,3,4,279,15.2,7836
917,2,3,268,12.7,9891
917,3,3,246,16.2,10294
917,1,2,177,15.1,10200
918,1,2,220,12.9,10220
918,3,2,239,11.4,8797
918,2,2,190,8.9,8440
918,2,2,173,16.6,10332
919,2,2,152,9.8,8589
919,2,2,247,13.6,9170
919,2,2,199,12.3,8395
921,2,1,151,9.7,8690
921,2,1,168,8.2,6675
922,2,2,190,8.9,8677
923,3,1,215,12.9,8812
923,2,3,268,12.3,9719
926,2,2,243,7.6,8811
926,1,4,219,13.8,9031
928,2,3,213,13.0,9407
930,2,3,193,8.5,8399
930,3,1,134,13.9,6725
930,1,1,171,9.2,7724
931,2,2,133,13.8,6977
931,3,1,244,8.3,8863
932,2,1,177,10.3,7675
932,2,1,247,8.5,8832
932,2,3,213,12.2,9283
932,2,3,229,15.6,9268
932,1,3,203,14.6,10797
933,2,2,207,12.2,8994
933,3,1,137,13.8,6784
933,2,4,278,15.7,11464
934,1,3,232,14.3,9392
934,2,3,229,13.6,9798
935,3,2,230,14.0,9814
935,1,2,181,10.1,7758
936,1,3,219,12.4,9045
936,3,2,284,15.3,7949
937,3,3,197,8.4,8396
937,1,3,213,13.7,9111
937,3,3,182,10.9,10393
938,1,3,238,13.0,9850
938,1,1,172,10.2,7583
940,1,2,204,15.0,10679
940,2,3,267,14.9,9721
941,3,2,182,11.1,10405
942,1,4,246,15.3,10126
944,3,3,273,14.2,9852
944,2,2,209,14.9,10807
945,2,3,244,12.3,9152
946,2,2,221,15.3,8708
946,2,2,180,11.5,10324
946,2,3,208,13.6,9167
947,2,5,280,14.2,11475
948,2,2,231,13.4,9637
948,3,5,281,15.4,11458
948,2,4,245,15.3,10175
948,2,3,267,14.1,9691
949,2,2,239,12.1,9490
950,1,3,220,16.2,9418
950,3,4,269,18.6,11545
950,2,4,245,13.5,10488
950,2,4,239,15.5,10403
950,3,1,150,10.3,8667
951,2,3,272,15.5,9664
951,1,3,216,13.4,9348
952,2,3,229,13.7,9611
952,2,1,135,14.0,6733
952,2,1,135,13.6,6848
952,3,3,284,15.6,8007
952,2,3,249,12.7,9306
953,3,3,281,16.1,7988
953,3,2,232,10.4,9308
954,2,1,207,8.9,6643
954,3,4,285,15.8,8178
954,2,2,274,14.2,9762
955,2,3,272,14.4,9695
955,2,2,201,15.2,10763
955,2,2,173,11.3,7794
956,2,3,244,12.9,10808
958,2,3,273,14.4,9739
959,3,4,267,18.0,11472
959,2,2,182,15.8,9693
959,2,4,282,15.1,11510
960,3,4,286,16.1,11558
961,2,3,185,16.3,9748
961,2,1,200,15.3,10874
961,3,3,270,14.8,9757
961,1,3,227,15.9,9205
962,2,1,139,14.2,6909
962,3,1,171,11.4,7780
963,2,3,274,14.4,9419
963,1,2,234,16.1,11168
965,1,1,151,8.5,9274
965,2,4,247,15.0,10144
965,3,2,205,14.8,10872
966,2,2,226,16.0,11283
966,2,2,233,11.5,9428
967,2,3,182,11.6,7625
967,2,3,228,15.7,11134
968,2,3,273,15.2,9612
968,1,4,226,15.5,11184
968,2,4,236,15.7,10735
969,1,3,216,15.8,8775
969,2,3,187,15.2,9863
970,1,1,264,17.6,10613
970,3,1,222,16.0,8808
970,2,3,243,13.3,10654
970,1,2,219,15.4,8611
970,2,3,278,15.0,9728
970,2,3,245,13.0,10692
972,2,2,201,15.9,10641
972,3,2,149,14.4,8839
972,2,2,239,7.9,10412
972,2,3,223,16.9,9402
972,4,3,286,15.0,8055
972,2,5,266,18.3,11261
973,2,2,172,11.3,7863
973,2,2,179,11.3,7835
974,1,2,265,17.2,10641
974,2,3,219,16.8,9240
974,2,2,189,11.2,7598
975,1,1,133,13.8,6810
975,2,1,154,9.3,9052
975,1,2,204,8.9,6655
975,2,2,170,11.1,7725
975,3,1,269,12.9,10058
976,3,4,271,19.0,11460
976,3,5,279,14.7,11650
976,3,1,155,9.5,9216
976,1,3,286,12.5,10620
976,2,4,226,15.6,10980
977,2,2,216,15.5,8778
978,1,3,238,8.7,10471
978,3,1,194,15.8,10579
978,2,3,210,15.3,8880
979,2,3,188,10.9,7386
979,1,2,190,11.0,7526
980,1,3,240,13.1,10665
980,2,3,212,16.3,9506
982,2,1,148,9.6,9228
982,2,3,213,14.8,9249
982,3,4,271,18.0,11621
982,2,2,230,16.0,11185
983,1,1,210,8.6,6587
984,2,1,152,9.3,9205
985,4,3,246,18.2,12208
985,1,2,265,12.9,10253
986,2,3,247,12.5,9365
986,3,2,237,13.0,10700
987,3,2,215,15.2,8718
987,2,3,234,16.1,9138
987,2,3,209,15.3,9033
988,2,2,150,14.2,8927
988,3,5,245,17.7,12223
988,1,1,153,8.6,7251
989,2,1,149,10.0,9386
990,1,2,149,13.8,9087
992,3,4,215,16.1,9220
994,1,3,173,14.4,6944
995,3,2,192,15.3,9830
995,3,4,212,16.1,9317
996,1,2,239,8.2,10501
996,3,4,216,15.3,9296
999,2,1,171,11.7,7760
999,3,3,209,15.6,9293
999,2,4,232,16.8,10871
1002,2,2,180,12.4,8187
1002,2,2,188,11.2,7519
1002,2,3,288,12.7,10564
1003,2,2,251,16.5,10569
1003,4,5,245,18.4,12311
1003,2,3,205,10.7,9123
1004,1,2,149,7.9,7301
1004,3,4,246,18.2,12297
1004,2,4,210,23.6,11334
1005,2,2,250,11.4,9381
1006,3,3,246,17.5,12346
1006,1,3,174,12.3,8265
1006,3,4,215,24.8,11437
1006,3,4,243,18.4,12392
1007,1,2,269,12.4,10147
1008,1,1,265,12.1,10354
1008,2,2,220,15.6,8779
1009,2,1,152,9.4,9176
1009,1,3,213,23.6,11388
1010,3,4,247,17.8,10214
1010,1,2,169,11.8,8382
1010,2,2,225,13.2,8613
1010,2,4,214,23.7,11334
1011,3,3,247,16.4,10774
1011,2,3,226,12.9,9340
1012,3,4,233,16.8,10914
1012,1,1,154,8.8,7290
1012,1,2,188,11.4,7592
1013,4,4,215,16.7,9379
1014,2,3,244,9.0,10571
1015,2,1,260,10.2,7323
1016,2,2,210,10.8,9289
1016,4,5,245,17.8,12239
1016,1,3,227,13.0,8620
1017,3,3,282,12.6,10664
1017,1,1,258,9.8,7368
1017,1,2,167,11.9,8472
1017,2,3,237,16.7,10265
1018,2,2,229,16.8,9295
1020,2,1,261,10.1,7391
1020,2,2,226,12.9,8486
1022,3,2,212,11.2,9297
1022,2,2,212,11.3,9525
1022,1,1,243,7.6,10492
1023,2,3,190,12.0,7573
1023,2,2,268,12.8,10223
1024,2,4,246,17.2,10174
1025,2,2,226,13.1,8521
1025,2,1,207,10.8,8784
1025,2,2,271,13.5,10098
1025,3,2,247,10.8,9086
1026,1,4,193,14.3,8434
1027,1,3,199,15.1,8426
1027,3,1,268,12.8,10202
1029,2,3,228,13.9,8530
1030,1,4,286,13.6,10466
1031,2,2,253,11.1,9348
1032,3,4,197,17.4,10981
1032,2,1,220,12.9,8475
1032,2,3,221,13.1,9326
1033,2,2,253,10.6,9343
1034,2,1,270,13.6,10399
1034,1,3,196,13.9,8445
1035,1,1,210,10.3,9430
1036,2,3,174,14.2,6975
1036,3,3,245,16.2,10519
1036,3,2,173,14.4,6745
1036,1,4,183,14.5,6836
1037,2,4,258,18.9,10397
1037,3,4,202,17.9,11037
1038,2,4,257,15.8,11195
1039,3,3,208,12.2,7444
1039,1,1,208,9.6,8895
1039,2,3,195,14.1,8491
1040,2,2,293,12.8,9219
1040,3,4,242,18.6,12395
1040,1,2,190,14.1,8550
1040,3,4,262,15.8,11348
1041,1,3,173,14.1,6865
1041,1,4,302,16.8,12494
1041,2,3,261,15.8,11418
1041,3,4,200,17.5,10838
1042,3,3,161,12.9,9500
1042,3,2,293,12.2,9188
1043,3,3,255,10.3,9288
1044,1,2,217,13.0,8060
1044,3,3,211,10.3,9284
1045,2,4,247,16.7,10448
1045,2,2,239,17.4,10351
1046,2,3,223,13.3,9240
1047,2,4,243,15.3,10404
1047,3,2,263,10.1,7265
1048,2,2,209,10.9,7125
1049,1,1,224,10.2,9786
1050,2,3,244,16.4,10429
1050,3,3,213,14.1,10799
1050,1,2,213,13.6,8097
1050,2,3,175,13.8,6946
1051,2,3,170,13.6,7095
1052,2,5,245,17.2,10317
1054,1,1,219,13.4,8092
1054,1,1,150,9.8,7226
1055,2,1,223,10.7,9666
1055,2,4,304,17.0,12048
1055,2,2,162,16.5,10518
1055,1,3,187,13.6,8370
1058,2,2,209,11.6,7274
1059,2,4,215,14.0,10709
1059,4,3,164,13.4,9439
1060,3,3,198,17.4,10710
1060,3,1,289,13.2,9291
1061,1,2,230,12.6,8425
1061,3,2,222,13.4,8548
1062,2,3,243,16.3,10224
1062,2,2,209,12.0,7251
1062,2,2,216,9.3,9250
1062,2,4,301,17.0,12444
1063,2,4,304,17.4,12339
1063,3,1,228,10.2,9711
1063,2,4,236,15.5,10539
1063,3,3,259,16.0,11332
1065,3,3,161,14.0,9497
1065,3,3,224,12.9,9282
1065,1,5,237,15.4,10524
1066,2,3,215,14.5,10846
1067,2,3,220,13.4,9286
1068,2,3,250,15.4,11766
1068,2,3,169,16.0,10367
1069,2,3,164,16.3,10408
1069,1,3,229,11.4,11028
1070,2,3,235,15.5,10448
1071,2,1,277,16.3,8998
1073,2,4,267,14.9,9988
1074,2,4,249,15.5,11724
1074,2,2,268,12.8,8753
1074,3,3,183,11.9,7612
1075,1,2,213,13.3,7985
1076,1,3,248,15.9,11841
1077,1,2,232,13.2,8531
1077,2,4,235,12.1,10907
1077,2,3,252,16.9,12186
1077,2,2,226,10.5,9684
1077,2,3,223,13.3,9269
1078,1,1,204,12.5,8692
1078,2,4,214,15.2,10992
1079,2,4,299,16.5,12572
1079,2,2,243,11.5,9381
1080,2,1,207,11.7,7297
1080,2,2,206,12.5,8790
1081,2,2,269,13.0,8815
1082,3,2,198,12.4,8568
1083,3,3,238,12.3,10906
1085,3,3,222,10.5,9145
1086,2,2,224,9.1,9141
1086,2,2,273,13.4,8547
1086,2,1,225,10.5,9669
1086,2,3,262,15.1,9947
1091,2,2,240,10.6,10508
1091,1,4,234,14.9,10662
1091,2,4,230,12.0,11048
1091,4,4,259,17.7,11593
1091,2,4,244,15.5,11790
1092,3,3,181,11.5,7650
1092,1,2,225,10.9,9673
1093,1,3,327,14.0,10347
1093,3,2,275,16.5,9009
1094,3,1,205,12.5,8864
1094,2,2,281,16.4,8951
1095,2,3,232,11.8,10969
1095,2,4,160,16.9,10422
1095,3,2,277,15.2,8919
1095,3,2,244,12.0,9480
1096,2,1,225,10.7,9693
1097,2,3,222,14.4,9977
1097,2,2,279,12.5,10131
1097,2,1,239,12.3,9415
1098,2,2,265,12.9,8819
1098,1,2,237,11.4,9483
1098,1,3,260,15.4,9973
1099,1,2,210,13.6,8275
1099,2,4,254,15.9,12107
1100,2,2,238,12.1,9398
1100,2,3,264,14.8,9984
1100,2,1,233,11.9,8796
1100,1,2,245,13.0,9513
1101,2,2,261,14.9,9907
1101,3,5,263,17.9,11505
1103,2,3,267,14.9,10074
1103,2,5,252,14.6,11852
1103,2,2,239,12.0,9458
1103,2,4,254,16.0,12214
1104,1,2,134,9.4,7640
1105,2,2,266,13.1,8899
1105,2,3,251,17.9,10742
1106,2,2,225,14.1,10040
1106,2,1,239,11.8,9643
1108,3,3,245,12.1,9269
1108,2,2,194,10.4,9131
1108,1,2,259,13.0,8822
1108,3,3,273,15.8,9147
1108,2,2,278,16.0,9040
1109,3,4,262,17.8,11624
1109,1,1,219,10.7,9579
1110,2,3,262,12.8,8862
1110,2,3,233,12.0,10796
1111,1,2,230,13.9,8490
1112,2,5,326,13.4,10638
1113,1,1,263,12.6,8812
1113,3,5,256,17.3,11654
1113,2,4,327,14.6,10575
1113,3,4,255,18.2,11381
1114,2,2,239,11.7,9521
1114,3,2,279,16.2,9118
1114,2,5,324,13.8,10588
1114,4,4,227,18.5,12460
1115,3,4,249,17.0,10716
1115,3,4,261,17.3,11518
1115,1,1,136,9.0,7872
1115,2,2,265,12.6,8866
1116,2,4,325,14.3,10463
1116,2,3,248,17.9,10894
1117,1,3,245,18.2,10696
1117,2,3,225,13.4,10065
1118,2,2,194,9.1,7553
1119,3,3,232,13.1,10931
1119,1,2,230,12.3,11087
1119,2,4,330,14.5,10471
1119,1,1,187,8.7,7570
1119,2,4,252,15.7,12232
1119,1,1,191,8.4,7481
1120,2,2,267,12.3,8870
1120,2,2,281,16.4,8986
1120,2,1,289,12.2,9917
1120,2,2,223,13.6,10055
1121,4,4,241,16.0,10125
1122,2,3,247,17.7,10832
1122,2,2,261,14.1,11064
1122,3,4,262,17.9,11639
1123,1,1,191,8.8,7548
1123,1,1,133,9.8,7871
1123,2,3,262,14.6,9972
1124,3,2,259,11.2,8917
1124,2,2,286,12.4,9933
1125,3,2,260,11.5,9046
1125,2,3,249,17.9,10909
1125,2,2,252,17.3,11055
1125,1,4,320,14.5,10684
1125,2,3,257,14.5,10946
1126,2,3,248,11.6,10489
1127,3,4,259,17.7,11587
1127,1,2,132,10.3,7774
1128,2,1,190,10.4,9070
1129,1,2,256,10.6,9023
1130,1,1,135,9.7,7744
1130,2,1,261,10.5,9027
1131,2,2,290,12.2,9966
1131,3,1,260,10.5,8967
1132,3,4,230,19.2,11994
1132,2,3,247,17.9,10564
1133,1,1,194,9.6,7519
1133,2,2,193,10.0,9080
1133,1,3,287,13.2,10056
1133,2,2,286,12.7,9966
1133,2,1,238,15.0,9693
1133,2,2,259,10.9,9004
1135,3,5,232,19.5,11913
1137,2,2,285,12.4,10038
1138,2,2,244,10.9,10384
1138,2,2,260,11.1,9094
1139,3,4,225,18.8,12730
1140,2,5,229,19.5,12543
1140,3,2,237,16.2,9652
1140,2,2,238,15.1,9738
1140,1,2,208,11.8,10339
1140,2,3,257,11.0,8920
1141,2,1,246,10.5,10504
1141,1,1,211,12.0,8610
1141,3,3,236,15.6,9655
1141,3,3,218,13.6,10319
1142,2,2,212,10.9,10272
1142,2,2,241,15.5,9924
1142,1,1,134,9.4,7906
1143,2,3,239,16.3,10967
1143,3,3,230,19.4,12645
1143,3,5,231,19.4,11767
1144,2,3,241,13.2,10684
1144,2,2,286,12.8,9977
1144,2,2,260,15.8,9743
1145,3,3,241,16.3,10130
1146,3,5,284,21.2,13304
1146,3,3,216,13.6,10361
1147,2,2,276,16.2,9086
1147,2,4,257,14.9,11178
1147,1,2,248,12.9,10539
1148,1,2,213,12.0,8465
1148,3,4,245,17.2,10232
1149,2,3,265,16.5,9620
1150,3,3,304,17.2,12267
1151,2,2,262,10.6,8984
1152,2,3,260,16.4,9585
1152,2,2,239,15.6,9694
1153,2,2,246,12.8,10773
1153,2,2,232,14.6,9864
1153,2,3,261,16.7,9691
1153,3,5,224,18.6,12641
1153,2,4,260,16.4,9745
1154,4,5,240,16.9,10212
1154,3,4,240,16.0,10115
1154,1,3,260,16.3,9555
1156,3,4,246,16.9,10282
1157,3,5,260,19.0,11638
1157,2,3,282,12.8,9988
1158,4,3,239,15.9,10105
1158,3,4,341,16.9,12169
1159,2,2,211,12.0,10267
1159,2,3,258,13.7,11133
1160,2,2,245,13.3,10800
1160,4,2,215,13.3,10343
1161,3,3,203,14.7,10822
1161,1,3,267,19.2,11102
1162,3,2,264,11.2,9068
1162,3,3,255,17.1,9454
1163,2,3,246,16.1,9999
1163,2,3,233,16.2,11068
1163,2,3,271,19.9,10826
1163,3,5,343,17.8,12249
1163,3,3,213,16.7,9789
1163,2,2,242,13.6,10788
1165,2,2,179,8.3,8798
1165,2,3,279,14.0,11156
1165,2,3,250,16.2,9135
1165,3,3,244,16.7,10347
1166,2,4,258,16.3,12031
1166,3,2,228,14.3,10544
1166,3,3,233,14.1,10044
1167,2,3,230,14.5,10075
1168,3,4,270,20.2,10664
1169,2,3,260,16.0,8501
1169,2,4,307,17.3,12280
1170,4,4,344,16.4,12085
1170,3,4,258,15.0,8585
1170,2,2,212,12.5,8778
1171,2,3,270,19.8,10903
1171,2,3,222,14.2,11671
1172,2,3,307,17.5,13050
1172,3,3,279,14.9,11416
1172,1,2,134,9.4,7743
1172,2,2,256,15.7,8538
1173,2,3,213,16.8,9720
1173,3,3,202,12.3,10905
1173,2,3,228,14.5,10128
1173,3,4,308,17.8,12121
1174,2,2,215,12.3,10315
1175,3,4,305,17.5,12148
1176,2,2,181,8.5,8875
1176,3,2,277,13.8,11274
1177,2,3,258,16.2,9449
1178,2,3,235,17.1,10963
1178,3,3,212,17.4,9788
1178,3,2,338,13.7,12187
1179,3,3,243,16.8,10249
1179,1,2,233,15.0,10626
1180,3,4,273,19.7,10885
1180,3,4,305,17.8,12163
1180,2,3,269,19.1,10812
1180,3,2,234,9.4,9234
1180,3,2,237,16.6,10135
1180,2,3,255,14.5,8600
1180,3,5,249,17.7,10285
1181,2,2,231,11.0,10078
1181,2,3,261,15.0,8840
1181,3,3,223,13.9,10584
1181,2,3,259,15.1,8624
1183,2,4,310,17.7,12218
1183,2,2,339,14.1,12101
1184,3,2,229,15.3,10475
1184,2,1,179,8.1,8832
1184,3,3,278,14.1,11309
1184,2,3,250,16.2,9335
1186,2,2,256,15.3,8697
1186,2,3,259,15.4,8586
1186,2,4,267,19.7,10986
1187,3,4,301,17.9,13055
1188,3,3,303,17.5,13152
1188,2,3,251,16.2,9204
1188,2,3,235,14.2,10063
1189,2,5,302,18.1,12295
1189,3,3,304,17.8,12188
1189,3,3,202,13.4,10904
1190,3,3,247,16.1,9302
1190,3,2,202,13.8,10874
1192,4,3,202,12.6,10837
1193,2,2,296,10.5,10635
1193,2,4,248,16.3,9247
1193,3,3,204,13.0,10899
1194,2,2,339,14.0,12114
1194,1,4,259,14.7,8572
1194,3,4,226,14.5,11743
1195,4,4,303,16.6,12129
1195,2,2,222,17.9,9642
1195,1,1,230,10.1,9195
1196,3,3,199,13.5,10777
1197,2,3,338,14.7,12089
1197,2,4,260,15.9,12257
1198,1,4,254,15.6,9711
1198,2,2,233,15.1,10708
1198,2,2,235,9.8,9197
1198,1,2,338,14.2,12202
1199,3,3,224,14.2,11617
1199,1,3,241,13.2,10623
1200,3,3,230,14.3,11543
1201,2,2,236,9.5,9186
1202,3,3,165,13.8,8760
1202,3,2,225,14.3,11710
1203,3,3,282,12.7,9526
1203,2,4,256,16.4,12138
1204,3,4,272,17.0,10947
1204,1,2,305,13.8,9902
1204,2,2,292,11.1,10410
1205,2,2,290,10.4,10744
1205,2,3,200,12.5,10752
1205,3,1,215,16.7,9670
1206,2,3,246,16.3,9223
1206,4,2,229,14.7,11532
1207,1,3,294,9.6,10595
1207,2,2,289,10.4,10563
1208,2,3,280,16.6,12430
1208,2,2,248,11.7,10914
1208,2,2,279,17.0,12650
1209,2,2,290,10.4,10539
1209,4,6,333,19.8,14191
1209,3,2,234,11.1,9180
1209,2,5,333,18.4,14248
1210,3,4,341,15.7,12156
1211,2,3,304,13.4,12116
1211,4,3,164,13.3,8686
1213,2,3,235,13.8,10796
1213,3,5,339,18.8,14387
1213,2,3,335,16.7,12676
1213,3,3,270,17.0,10869
1213,3,4,342,15.9,12117
1214,2,4,276,16.1,12469
1214,3,3,177,15.9,10499
1216,2,3,236,13.3,10808
1217,2,2,219,16.9,9661
1217,2,2,229,15.9,10579
1217,2,3,237,14.3,10876
1217,2,3,305,17.4,13224
1218,4,3,199,13.8,10801
1220,2,3,235,13.0,10712
1221,4,5,350,22.5,14855
1221,3,3,265,17.1,10963
1221,1,1,244,9.9,9133
1223,3,3,283,13.5,9694
1224,2,1,242,9.1,9088
1225,3,2,276,13.6,9573
1225,2,5,312,16.8,11516
1225,3,5,333,19.3,14216
1225,2,4,330,17.1,12644
1225,3,6,336,17.9,14408
1227,2,2,219,17.1,9821
1228,3,4,287,17.0,11527
1228,3,4,288,16.0,11590
1228,2,2,300,13.6,9971
1228,3,3,269,16.7,10900
1229,1,3,248,19.0,10831
1230,3,3,268,17.2,10938
1230,1,2,224,16.5,9543
1231,3,5,340,18.6,14425
1231,3,3,246,17.0,10155
1232,2,2,180,15.2,10260
1232,3,6,349,22.3,14983
1232,2,3,329,17.3,12698
1232,3,3,177,15.4,10324
1232,3,1,291,10.5,10713
1233,1,2,220,11.6,8606
1234,3,3,325,17.2,12750
1234,2,2,217,11.6,8818
1235,2,1,299,13.3,10096
1235,4,4,274,13.5,9666
1237,2,2,232,14.3,10647
1238,2,2,305,18.0,13208
1239,2,2,205,12.5,7977
1239,2,2,247,12.0,10850
1239,3,2,253,12.1,10761
1240,3,3,250,16.7,10150
1240,4,3,177,15.1,10169
1241,3,2,248,16.7,9987
1242,3,5,349,21.9,15218
1243,1,3,235,14.1,10933
1243,3,4,287,15.8,11551
1243,2,3,305,13.6,12142
1244,3,5,347,21.8,15111
1245,1,5,327,16.9,12672
1246,2,2,257,15.0,10528
1247,3,2,242,9.0,9236
1247,3,5,347,22.0,15012
1248,2,2,248,14.0,7899
1248,3,4,279,14.2,9661
1249,2,1,205,12.3,7611
1249,2,4,322,17.0,11381
1249,2,3,332,17.7,12861
1250,2,3,246,18.1,10894
1251,1,3,307,17.6,13312
1251,3,3,171,15.9,10402
1251,3,5,288,15.9,11539
1252,2,6,325,21.4,13182
1253,2,3,201,11.9,7917
1253,2,3,232,15.2,10711
1253,1,2,199,13.2,7944
1253,2,2,205,11.9,7817
1253,2,4,318,17.1,11601
1253,3,4,252,15.6,10026
1254,2,1,219,11.1,8652
1255,2,3,279,13.2,10414
1256,3,5,323,20.8,13447
1256,2,2,204,12.6,7879
1256,2,3,245,18.0,10865
1256,2,3,246,12.5,10788
1257,2,2,268,13.0,7601
1257,2,5,330,17.3,12475
1258,2,3,308,17.8,13239
1258,2,2,215,11.3,8532
1258,2,2,302,13.2,9845
1258,3,2,208,12.3,7671
1258,3,3,277,14.2,9481
1259,3,3,219,12.3,10959
1260,2,4,249,17.9,10755
1260,2,2,218,11.1,8623
1260,3,2,257,11.9,9869
1260,2,2,249,14.9,7953
1261,2,1,262,8.1,9167
1261,3,3,285,13.2,10315
1262,2,3,234,15.0,10755
1262,3,4,275,21.4,13184
1263,2,5,328,17.4,12916
1263,1,3,218,10.7,8622
1263,3,3,278,13.7,10487
1263,3,5,327,20.4,13253
1264,3,2,203,11.5,8018
1264,3,2,278,13.4,9437
1264,1,3,309,18.4,13146
1265,1,1,212,10.8,8677
1265,1,3,241,14.9,10759
1265,2,3,311,17.9,13260
1266,1,2,213,10.8,8766
1266,2,1,254,9.2,9105
1266,2,1,263,12.1,7632
1266,1,2,255,14.5,10423
1267,2,1,244,9.0,8681
1268,2,4,233,14.7,10780
1268,2,1,263,11.9,9902
1269,3,3,284,18.0,12441
1269,2,3,257,14.5,10494
1269,2,2,220,10.8,8719
1269,2,2,258,15.2,10456
1270,3,1,254,14.3,7749
1270,3,3,217,12.9,10839
1270,4,4,219,13.0,10657
1271,3,3,214,12.3,10842
1272,3,4,271,13.9,9278
1272,3,4,278,13.1,10576
1273,3,3,316,14.6,13442
1273,3,4,287,18.2,12373
1274,2,2,277,15.2,9549
1274,3,3,280,14.6,10416
1275,2,2,259,15.1,10230
1275,2,1,248,14.0,7896
1275,3,4,259,18.7,11122
1277,1,3,307,17.3,13174
1277,2,4,260,13.3,10823
1277,3,3,231,14.1,11329
1278,3,4,282,16.9,11497
1279,2,1,262,8.4,9108
1280,2,2,242,9.7,8399
1281,1,2,195,11.0,10308
1282,2,4,285,16.2,11443
1283,4,2,277,14.5,9569
1283,2,2,281,14.5,9355
1283,3,2,217,11.3,8530
1283,3,2,255,12.3,9964
1284,3,4,275,14.9,10459
1284,2,2,256,11.7,9969
1284,3,3,259,11.4,10198
1285,3,1,243,9.8,8698
1286,3,1,243,10.4,8501
1286,1,2,194,10.9,10123
1287,2,1,263,11.2,7592
1290,3,4,287,16.1,11350
1290,4,2,218,12.6,10904
1290,2,5,286,17.1,11279
1291,2,1,243,9.7,8534
1291,1,3,286,17.0,11368
1292,2,4,259,19.7,12808
1293,2,1,268,14.7,10793
1293,2,4,284,16.4,11334
1295,3,4,285,16.4,11250
1295,3,3,212,12.6,10612
1295,3,3,260,13.0,10610
1296,1,2,194,10.7,10196
1296,3,4,259,20.3,12965
1297,2,1,290,6.3,9647
1297,3,3,235,14.7,11274
1298,2,1,246,10.2,8455
1299,2,4,265,19.8,12766
1300,4,4,230,15.2,11294
1301,2,2,190,10.4,10162
1301,1,1,196,10.8,10158
1301,2,1,263,12.0,10617
1302,2,2,269,12.3,10692
1302,2,1,294,6.0,9745
1302,4,3,319,12.8,13309
1302,3,3,279,15.1,12251
1303,2,4,232,14.9,11013
1304,2,2,262,14.3,10718
1305,2,2,280,16.4,11434
1305,2,2,255,11.7,10047
1305,3,3,281,15.4,11570
1305,3,1,244,10.1,8703
1306,3,2,235,14.8,11363
1308,1,2,191,9.6,10282
1309,1,2,196,10.7,10175
1309,2,4,279,15.6,11377
1309,3,2,214,12.9,10876
1309,2,2,263,12.2,10809
1310,2,3,288,16.4,12123
1310,3,3,262,13.0,10562
1310,2,4,257,12.9,10626
1312,2,3,267,12.1,10748
1313,3,4,267,19.9,12538
1314,2,3,235,15.0,10919
1314,2,2,252,13.5,9988
1314,2,5,263,20.6,12706
1314,2,1,246,9.6,8573
1314,3,3,315,13.3,13456
1315,3,2,279,16.9,10355
1315,3,4,262,20.1,12707
1315,3,3,281,15.6,11505
1315,2,2,265,12.3,10689
1316,2,2,261,12.4,10669
1316,2,3,260,14.9,11552
1317,2,3,250,13.2,9980
1318,1,2,253,13.6,10019
1318,2,2,255,14.8,11445
1319,2,3,235,15.0,11192
1319,4,2,255,16.8,10881
1320,3,4,242,19.1,11971
1320,4,3,280,15.1,11405
1322,3,2,284,17.6,10245
1322,3,3,317,12.3,13437
1322,3,3,282,15.6,12272
1323,3,3,277,16.6,10166
1323,4,2,284,15.1,12371
1324,2,3,256,14.2,11508
1324,2,3,240,15.7,10961
1325,3,3,224,15.9,10829
1325,2,3,267,14.7,10913
1327,3,1,254,12.9,10173
1327,2,3,227,15.4,10839
1327,3,3,283,15.9,12332
1327,4,2,257,15.4,10759
1327,2,3,232,15.5,10999
1327,2,3,254,14.7,10891
1327,2,3,253,15.2,11461
1328,2,3,230,15.7,10648
1328,2,2,254,14.6,11625
1328,3,3,278,17.0,10117
1329,2,1,257,14.4,10841
1330,3,3,282,15.7,12220
1330,1,2,266,11.8,10522
1331,3,4,273,16.8,10342
1332,3,3,232,15.5,10690
1332,2,3,321,12.8,13473
1333,3,3,255,16.0,10910
1333,3,3,278,13.7,11343
1334,3,2,279,15.4,12295
1335,3,3,237,17.7,11184
1335,2,4,245,19.6,12006
1335,3,4,238,18.1,11295
1336,2,3,255,14.9,11581
1337,2,2,264,14.2,11549
1337,3,3,335,16.9,12661
1337,2,1,249,9.6,8678
1337,2,4,280,17.1,11477
1339,1,2,197,11.0,10174
1339,2,3,261,14.4,11737
1339,3,3,228,16.4,9865
1340,2,3,307,14.0,11678
1340,4,3,340,16.4,12113
1340,2,2,308,13.8,11777
1343,3,5,344,15.2,12092
1343,2,4,220,15.6,12115
1343,3,3,294,16.4,10182
1344,4,4,291,16.9,10406
1344,2,2,269,14.3,10969
1345,1,3,260,14.1,11514
1346,1,2,269,13.5,11681
1346,3,3,279,14.0,11388
1348,1,3,231,14.4,11012
1348,3,2,303,15.1,11881
1348,3,4,259,17.9,11401
1348,3,3,249,15.1,11601
1349,3,4,332,15.5,11855
1349,2,2,304,8.7,10783
1350,3,3,321,14.4,10841
1350,3,3,276,13.6,11536
1351,3,4,219,15.6,12127
1352,2,3,256,15.7,10899
1352,3,3,304,14.1,11779
1352,2,3,218,16.2,10327
1353,3,3,297,8.3,10978
1353,3,3,230,17.1,9776
1354,3,4,336,16.3,12020
1354,3,4,217,15.6,10332
1355,3,2,296,8.2,10752
1355,3,3,280,13.2,11417
1356,3,4,337,16.6,12000
1357,2,4,218,15.7,12110
1357,2,3,252,15.5,11477
1357,2,3,259,14.4,11028
1357,2,3,251,15.1,11556
1357,3,3,240,15.2,10868
1358,3,3,300,12.6,12153
1359,3,5,233,15.5,10865
1360,2,2,299,8.8,10833
1361,2,2,262,14.8,11635
1362,1,1,300,9.2,11036
1363,2,3,251,16.1,11372
1363,3,2,221,15.8,10358
1363,3,4,338,17.0,12676
1364,3,4,337,16.0,12676
1364,2,4,218,14.6,12082
1364,3,3,271,16.3,11776
1364,3,3,282,15.2,11412
1365,3,4,223,16.8,10754
1365,2,3,216,15.7,10461
1366,4,3,267,17.7,11709
1366,3,3,292,16.1,10380
1367,2,2,300,9.0,10655
1367,2,3,286,14.9,11243
1368,4,3,297,14.5,12106
1368,3,3,307,13.7,11858
1368,2,2,257,14.7,11068
1368,1,2,251,14.6,10888
1369,2,3,229,16.8,9617
1370,3,5,275,20.1,13477
1370,3,3,291,14.0,11850
1370,2,3,237,14.7,10902
1371,3,3,228,16.8,9757
1372,2,3,262,16.5,12270
1372,3,3,295,14.3,12023
1372,3,3,295,16.5,10259
1372,2,3,318,15.0,10740
1373,3,4,227,17.2,11063
1373,3,4,268,17.7,11657
1373,2,3,282,13.7,11280
1373,4,3,214,15.9,10301
1374,2,3,258,16.0,12351
1374,5,3,295,19.2,12009
1375,3,4,294,18.9,12192
1375,2,4,239,15.3,10858
1376,3,3,269,16.4,11866
1376,3,4,343,16.7,12624
1376,3,3,300,17.7,12001
1376,3,3,267,16.1,11749
1376,2,2,260,14.2,10556
1377,3,3,318,16.9,11193
1377,3,2,213,15.4,10468
1378,3,4,256,18.1,11092
1378,4,3,318,17.1,11184
1379,2,2,301,13.6,11987
1379,2,2,214,14.4,12371
1379,2,4,302,13.7,11576
1379,4,4,218,15.5,10460
1379,2,3,266,17.9,11639
1380,4,3,218,15.6,12270
1380,3,3,288,15.4,11043
1380,4,3,280,13.9,11525
1380,3,4,257,17.3,11060
1380,3,3,216,15.7,10407
1380,3,3,323,16.9,11192
1381,4,2,291,14.0,12130
1382,3,4,226,17.0,11202
1382,4,5,231,16.5,10819
1382,3,3,310,14.1,11698
1382,3,3,307,13.6,11841
1383,2,1,258,14.1,10555
1384,2,4,298,17.2,10302
1384,3,4,229,17.4,10986
1385,2,4,263,16.1,12459
1386,4,4,296,18.2,11871
1388,3,4,307,13.5,11744
1388,3,4,237,14.9,10883
1389,2,5,241,15.0,10782
1389,3,4,263,17.4,11702
1389,3,3,266,17.1,11488
1391,3,3,306,13.6,11826
1391,2,2,277,16.5,12074
1391,3,3,302,17.8,12138
1391,2,3,263,14.1,10745
1393,2,2,215,13.8,12169
1394,4,4,294,19.0,12069
1395,4,4,293,18.7,12039
1395,4,6,368,23.5,15406
1396,3,3,218,16.0,10327
1396,1,5,243,15.3,10919
1396,2,2,216,14.1,12258
1398,3,2,263,17.3,11759
1398,3,4,295,15.5,12638
1398,3,3,308,16.6,11964
1398,3,2,283,16.6,12029
1399,4,3,300,18.0,12205
1399,3,3,267,17.5,11601
1400,3,3,251,16.0,9826
1400,4,3,300,13.8,11959
1400,4,5,296,18.7,12172
1401,3,4,329,19.5,14771
1401,2,3,260,16.7,12338
1403,2,2,212,14.1,12275
1403,1,2,218,14.8,12353
1404,4,6,359,22.4,15594
1404,3,4,305,17.7,11950
1404,3,4,294,18.7,11934
1405,2,3,258,16.2,12391
1408,3,5,267,21.0,13037
1408,3,4,249,18.4,11030
1409,5,4,293,18.9,12186
1410,2,3,322,17.0,11326
1411,3,4,298,16.7,12342
1412,3,5,224,17.5,11104
1412,3,5,282,20.3,13103
1412,4,5,315,19.9,14071
1414,1,2,266,16.5,12240
1416,2,4,283,16.8,11983
1417,3,3,246,17.3,10819
1417,2,1,213,13.8,12102
1417,3,6,268,21.6,12885
1417,2,2,234,16.2,11437
1417,3,4,299,15.9,12710
1418,4,3,279,16.9,11945
1418,3,3,247,17.8,10807
1419,3,5,266,20.9,13056
1420,3,3,261,17.4,12585
1420,3,3,279,16.5,11977
1420,3,4,243,16.2,11435
1420,4,5,295,20.4,13858
1421,4,4,295,19.3,12022
1422,3,3,239,16.1,11527
1422,3,3,262,17.7,11647
1423,3,3,252,16.4,9901
1423,2,3,264,17.7,12303
1424,3,2,214,12.3,10780
1424,3,3,301,17.6,13148
1425,2,4,284,17.3,11870
1426,2,3,259,17.6,12884
1427,3,3,331,16.6,11838
1427,3,5,298,14.6,12603
1427,2,4,280,19.7,12693
1428,3,3,251,16.7,9816
1428,3,4,316,21.1,13449
1428,3,4,297,16.0,12613
1430,3,4,327,20.0,14621
1430,4,4,302,17.6,13021
1433,3,4,333,16.9,11687
1433,3,3,255,17.0,12656
1434,2,3,245,15.5,11527
1435,3,4,334,20.2,14599
1435,2,4,297,16.7,12772
1436,3,3,258,17.7,12616
1436,2,3,264,16.6,12281
1436,4,2,256,9.9,9650
1436,2,6,303,19.8,14081
1436,3,3,252,10.8,9608
1437,3,4,337,20.0,14460
1438,3,4,284,20.2,12852
1438,3,3,265,17.6,11604
1438,2,3,331,18.5,12990
1439,3,4,258,17.7,13264
1441,4,4,265,20.7,12990
1441,3,4,329,17.0,11759
1441,4,4,294,16.0,12433
1442,2,4,263,11.0,12336
1442,2,3,256,18.5,12575
1443,3,2,300,17.5,13147
1443,3,3,304,16.2,10708
1445,4,3,267,18.2,12782
1445,2,3,227,15.7,11120
1446,3,3,229,15.1,11137
1446,3,5,307,20.1,14132
1446,4,4,297,19.9,13549
1446,3,4,328,17.7,12933
1447,3,3,247,17.9,10714
1447,2,2,262,10.3,9433
1448,3,4,296,18.7,13071
1448,4,4,360,21.1,13044
1450,3,3,303,15.7,10652
1451,3,4,325,17.9,13126
1451,2,2,297,17.7,13010
1452,3,3,308,19.0,13218
1453,2,4,332,20.2,14640
1453,3,3,299,17.6,13068
1454,3,4,296,20.0,13607
1454,2,2,249,12.2,9129
1455,3,2,256,10.4,9486
1455,4,3,266,11.2,12234
1456,4,3,289,19.7,12771
1456,3,3,300,16.2,10599
1456,2,4,288,20.4,12825
1456,4,4,317,18.7,13390
1456,3,3,227,15.6,11108
1457,3,5,314,21.0,13622
1457,5,6,351,19.7,14149
1457,3,3,262,19.3,13705
1458,4,3,306,15.6,10677
1458,4,5,306,19.4,13428
1459,2,5,318,21.7,13710
1459,3,4,329,18.0,12976
1460,3,2,245,12.2,9190
1460,2,4,296,19.3,13578
1460,3,4,359,20.5,12972
1461,4,6,347,19.1,13968
1463,3,3,281,20.1,12773
1464,3,6,346,20.0,14014
1464,3,4,326,18.1,12994
1465,3,3,298,15.9,10581
1465,2,6,320,22.5,14829
1466,3,4,266,19.0,13588
1466,2,3,269,11.5,12214
1466,2,1,254,12.2,9206
1467,2,4,333,19.1,14640
1467,3,4,310,19.0,13450
1467,3,2,302,15.6,10711
1468,3,4,297,19.8,13590
1468,2,4,263,16.7,13226
1468,4,6,313,20.2,13703
1469,2,3,307,20.1,12680
1470,4,4,298,19.5,13616
1471,4,4,266,19.7,13414
1471,3,6,358,22.5,14688
1471,3,3,302,17.2,10271
1471,3,4,261,18.9,13563
1472,4,5,347,19.8,14085
1473,2,2,257,9.9,9402
1473,2,1,251,12.3,9089
1473,4,4,319,18.6,13103
1473,3,3,311,18.3,13387
1474,3,5,305,20.6,13420
1474,3,4,261,19.1,13368
1474,3,4,306,17.3,12600
1474,4,5,261,16.4,13106
1475,3,3,269,11.1,12291
1477,3,4,271,11.6,12317
1477,3,4,258,17.7,13146
1478,4,2,294,17.9,13116
1478,3,3,276,14.3,10308
1479,3,3,305,18.1,12534
1480,2,4,301,19.7,12674
1482,4,4,318,16.7,13381
1482,4,5,312,18.9,13290
1482,2,4,304,20.0,12858
1483,4,5,330,18.7,13142
1483,3,3,303,17.4,12495
1484,3,3,339,15.5,11676
1484,2,3,265,16.4,12738
1485,3,5,259,17.4,13112
1486,5,6,360,22.3,14754
1486,3,5,258,18.8,13639
1487,4,5,317,18.1,13249
1487,1,4,306,19.4,12667
1487,4,4,320,16.0,13185
1489,3,4,276,16.9,14018
1489,4,7,363,21.5,14848
1489,3,4,301,17.1,10173
1489,4,3,259,19.3,13620
1490,2,5,303,20.5,12704
1490,4,5,364,21.3,14737
1491,3,4,318,16.6,13350
1491,4,4,365,21.5,14277
1492,3,3,295,11.8,10699
1492,3,3,307,17.4,12570
1492,4,2,232,14.9,11232
1492,1,2,256,13.8,10990
1492,4,6,361,21.7,14588
1493,3,4,321,16.9,13395
1493,3,5,292,20.8,12477
1494,3,6,371,15.8,15000
1495,3,5,320,22.4,14853
1496,3,3,293,11.7,10748
1496,3,4,300,21.6,14209
1497,3,3,339,15.0,11629
1498,4,3,280,17.5,12199
1499,3,5,297,21.2,14114
1500,3,4,314,20.4,13399
1502,3,4,276,16.6,13936
1502,2,5,314,19.9,13369
1502,4,5,277,16.8,14174
1502,3,5,314,19.6,13345
1502,4,3,308,17.6,12431
1503,3,3,299,16.5,10335
1503,3,4,312,18.7,13426
1503,3,4,343,16.0,11766
1503,3,3,369,21.8,14278
1503,2,3,351,15.5,14015
1504,4,5,314,20.0,12106
1506,2,4,351,15.7,13886
1506,4,3,295,12.3,10549
1506,3,4,368,16.6,14930
1506,3,4,299,20.2,12643
1507,5,3,272,18.8,11841
1507,3,2,292,17.6,12085
1508,3,4,275,17.0,13963
1508,3,4,354,15.7,13912
1508,4,2,284,16.8,12177
1508,3,2,251,17.7,10986
1509,4,4,349,16.0,14110
1510,4,3,309,17.5,12450
1510,3,6,349,22.8,15029
1510,3,3,353,16.3,13958
1511,3,3,293,19.7,12475
1511,3,4,362,21.3,14210
1511,2,5,312,19.2,13226
1512,3,4,314,20.0,11944
1512,3,4,299,21.5,14059
1512,3,4,286,17.4,11924
1513,3,4,366,20.9,14312
1513,3,4,355,15.4,14017
1513,4,5,348,23.8,15034
1513,3,2,253,15.7,11909
1513,2,2,262,17.1,12782
1513,5,3,275,19.1,11913
1513,2,2,271,13.7,10463
1514,4,2,244,12.5,11677
1514,3,4,309,17.2,12437
1514,3,3,352,15.6,13948
1515,2,2,258,14.8,10973
1515,4,4,292,11.5,10755
1515,4,5,352,14.4,13938
1515,2,4,350,15.8,13950
1515,2,2,273,14.3,10335
1516,3,4,367,20.8,14216
1516,3,5,316,20.1,13346
1516,3,4,275,18.4,11956
1516,3,3,299,19.2,12690
1517,4,3,242,18.3,11630
1517,2,4,321,16.4,13602
1518,2,4,283,18.7,12102
1519,3,5,372,16.2,14970
1520,4,6,294,19.9,12609
1520,3,4,315,19.9,12208
1520,3,4,300,20.7,13965
1521,3,1,252,15.5,12098
1521,3,4,274,19.1,11741
1521,3,3,298,16.7,10260
1521,3,3,271,13.9,10345
1522,3,4,315,20.1,12046
1522,2,4,255,21.6,11837
1522,4,4,375,16.6,15043
1524,2,4,256,22.7,11585
1525,5,6,335,23.0,16629
1526,3,4,257,21.7,11613
1527,3,2,250,15.9,11898
1527,3,3,256,16.3,11062
1528,4,3,273,18.8,11858
1528,2,3,298,14.0,12206
1528,3,2,243,10.7,11244
1528,4,4,266,15.8,12781
1528,3,3,250,16.8,11065
1528,3,3,266,16.0,12568
1528,3,1,246,10.8,11013
1529,3,2,240,10.9,11037
1529,3,3,262,16.6,12841
1530,3,3,264,16.8,12833
1530,4,4,253,21.7,11617
1530,2,3,264,16.2,12442
1531,2,2,280,13.9,10225
1531,3,2,242,10.9,11108
1531,3,3,278,16.5,13982
1531,3,5,255,22.5,11628
1533,2,3,265,17.6,12882
1533,2,4,243,19.4,11694
1533,2,5,366,15.6,14958
1533,3,5,313,19.3,13184
1534,3,4,331,13.7,9594
1534,3,5,277,16.6,13977
1534,3,4,269,17.7,12829
1535,3,2,265,15.7,12593
1535,4,6,349,23.5,15022
1535,3,5,375,16.2,14898
1538,2,2,258,15.0,10999
1538,3,5,294,20.4,12647
1538,2,3,295,15.0,11930
1538,3,2,248,10.1,11120
1538,3,3,248,10.9,10990
1540,2,2,247,11.6,11144
1540,3,6,348,23.0,14946
1540,4,6,350,23.4,14938
1541,4,4,259,16.1,12542
1541,4,2,239,10.5,11199
1541,4,3,276,18.5,11951
1542,3,6,350,23.0,14986
1542,4,4,345,22.9,14924
1543,4,6,349,23.8,15147
1545,3,2,308,16.7,12703
1545,3,4,243,18.3,11667
1546,3,3,284,18.0,12148
1546,2,2,342,14.4,9687
1546,3,4,307,18.9,10634
1547,4,3,234,15.9,11865
1547,3,3,345,16.4,12174
1547,4,3,246,16.2,10992
1548,3,5,350,23.4,14563
1548,2,1,227,10.8,8766
1549,4,4,337,19.9,15172
1549,3,5,303,21.1,14118
1549,3,3,299,19.3,12651
1549,3,4,309,18.2,10681
1550,2,3,265,16.3,12443
1551,2,1,244,10.9,11226
1551,4,5,337,22.4,16657
1553,3,4,336,13.8,9506
1553,4,4,287,17.9,12142
1554,3,3,298,16.1,10369
1556,3,3,298,13.9,12083
1556,3,1,250,12.0,11475
1556,4,4,269,18.7,11880
1557,3,4,275,18.4,12154
1558,3,5,338,22.3,16596
1559,3,4,328,20.1,14382
1559,3,3,336,14.2,9640
1559,3,4,343,17.5,12139
1560,3,2,252,12.3,11302
1560,4,3,277,19.0,11951
1561,3,3,243,11.9,11218
1561,2,3,256,15.2,12103
1561,3,4,328,19.7,14322
1562,3,2,337,14.5,9550
1562,4,5,341,22.5,16557
1562,3,3,297,14.2,12196
1562,3,4,310,18.4,10665
1563,3,2,246,12.6,11533
1564,2,1,223,10.9,8943
1564,4,4,255,18.2,15127
1564,3,4,327,19.2,14275
1565,3,3,236,15.5,11853
1565,3,3,348,16.3,12222
1565,4,3,306,18.9,12623
1566,5,4,325,20.1,15205
1566,4,4,291,19.9,13756
1566,2,2,224,10.9,8934
1567,4,4,329,20.0,15440
1569,3,3,299,20.3,12862
1569,4,5,350,22.9,14794
1569,2,4,271,18.1,13977
1569,2,3,224,18.2,12274
1570,2,6,299,20.4,12646
1570,1,2,226,10.6,9097
1571,2,2,232,15.6,11845
1573,3,3,264,17.3,12881
1574,4,3,317,21.6,13806
1574,4,4,223,17.9,12108
1574,3,4,330,19.4,14106
1575,4,6,335,21.6,16540
1575,4,6,376,16.1,14977
1576,3,3,272,17.1,12142
1576,3,4,328,19.8,14237
1576,3,2,344,16.4,12170
1577,4,3,341,16.1,12205
1577,3,3,225,17.6,12220
1577,4,4,334,20.2,15246
1577,5,4,315,21.3,14039
1577,4,3,225,17.9,12289
1578,4,5,332,22.9,16629
1578,4,4,316,21.4,13961
1579,3,3,227,17.3,12293
1579,3,4,290,20.5,13658
1580,3,3,258,15.4,12117
1580,3,5,270,19.1,13968
1580,2,3,274,16.2,13892
1581,3,3,350,16.7,12276
1581,3,3,255,15.7,12106
1581,3,4,271,17.8,13868
1581,4,5,289,20.3,13675
1582,4,4,256,17.6,15315
1584,4,4,254,18.1,15398
1586,3,4,274,17.3,13983
1586,3,5,326,19.4,14102
1587,3,3,269,17.2,12178
1587,3,3,273,17.9,12930
1587,4,3,268,19.5,13279
1587,3,3,227,16.5,12267
1588,4,4,334,20.2,15329
1588,3,5,341,23.0,16685
1588,3,5,314,18.5,10682
1589,3,4,273,17.1,12830
1589,4,5,353,23.1,15006
1589,4,5,287,19.6,13649
1589,2,4,272,17.8,13817
1590,3,4,276,16.6,12274
1590,4,4,316,18.4,14534
1590,5,4,333,20.1,15406
1590,3,4,288,21.0,13654
1592,2,4,276,16.6,13922
1592,4,4,318,20.9,13970
1594,5,4,253,17.9,15287
1595,4,4,270,18.8,13174
1595,4,4,259,18.9,15151
1596,3,4,273,16.6,12729
1597,2,3,225,18.2,12169
1597,3,4,348,17.7,14553
1599,4,3,266,18.8,13342
1600,5,4,274,19.2,13160
1601,3,4,271,17.5,12739
1602,4,4,318,21.3,14075
1603,5,4,251,17.2,15214
1603,4,5,293,19.7,15494
1603,4,4,317,19.0,14674
1605,2,4,345,24.0,16943
1606,4,5,312,22.3,13058
1608,3,3,271,17.8,13659
1608,5,4,277,16.0,13402
1609,3,4,351,16.6,12069
1611,3,5,270,16.3,12811
1613,4,4,274,18.6,13099
1614,3,5,337,23.9,16991
1614,4,4,277,17.6,13342
1614,3,1,268,12.7,11592
1615,4,4,318,18.1,14733
1618,5,4,296,21.4,13747
1618,3,3,221,17.1,12211
1618,3,5,271,16.4,12816
1618,3,4,346,17.6,14579
1619,4,5,312,22.2,13095
1620,3,5,339,24.2,16979
1622,4,3,314,17.9,14588
1622,2,2,287,16.4,10829
1622,3,4,298,21.8,12769
1622,3,5,328,21.9,13988
1623,4,5,296,18.8,15429
1623,3,2,312,18.5,12323
1624,2,2,269,13.0,11568
1626,3,3,291,17.9,14415
1626,3,4,340,17.8,13160
1626,3,3,355,16.4,13730
1627,3,5,344,16.5,13204
1628,2,4,264,15.7,12732
1628,3,2,272,11.1,10913
1628,3,5,343,24.0,17079
1629,3,4,343,17.8,12818
1629,4,4,278,16.7,13429
1629,3,4,267,16.2,12824
1630,3,4,343,18.8,12279
1630,2,3,253,13.5,11649
1630,3,4,336,18.5,13101
1631,4,5,353,23.2,14549
1633,2,5,345,25.2,17080
1633,2,4,356,20.2,14240
1634,3,5,267,17.2,12608
1635,3,5,386,22.8,15713
1636,4,6,293,20.6,13733
1636,3,2,201,13.7,10548
1636,4,3,357,15.5,12975
1637,4,5,272,16.3,13713
1638,4,5,357,22.6,14495
1638,3,3,279,11.1,11106
1639,4,5,353,22.7,14500
1639,4,2,350,18.0,12187
1639,3,4,271,17.0,12903
1640,3,2,271,10.2,10745
1640,3,3,360,16.2,13850
1641,3,4,336,17.5,14226
1641,3,2,274,10.7,10926
1641,2,3,292,16.4,10709
1641,2,3,287,15.5,10736
1641,2,4,334,17.8,14266
1641,3,5,317,18.9,13598
1641,5,3,287,17.2,13443
1642,3,4,343,18.4,14719
1643,4,4,277,16.8,13531
1643,4,5,304,25.0,14054
1643,2,4,300,19.4,12876
1644,2,3,333,18.3,13186
1644,4,3,356,15.8,12824
1644,3,4,339,18.0,12992
1644,3,4,302,18.8,13024
1645,3,4,335,17.9,13299
1645,2,3,291,16.4,10566
1645,3,4,341,17.3,12990
1646,4,5,278,17.2,13317
1646,3,4,266,16.3,12735
1646,3,4,336,18.0,13012
1647,4,5,294,19.2,15312
1647,2,4,331,18.8,13111
1647,3,3,202,14.6,10701
1648,3,2,267,12.7,11528
1648,3,4,263,11.8,11642
1648,3,4,345,16.6,12619
1649,2,3,295,16.5,10680
1650,2,5,327,22.5,14271
1650,3,1,275,11.0,10937
1650,3,5,328,22.0,14269
1650,5,4,313,16.4,12532
1651,5,4,313,16.0,12624
1651,3,5,303,18.1,13132
1652,3,4,276,20.0,13560
1652,4,5,332,17.3,14343
1652,3,2,204,14.1,10739
1653,4,4,287,19.9,13443
1653,4,3,351,18.4,12369
1653,4,4,311,16.3,12549
1654,3,5,365,20.4,14294
1654,2,4,357,16.5,13759
1655,3,4,345,16.9,12589
1655,3,3,295,17.0,10821
1656,4,3,338,16.7,13275
1656,3,3,346,15.2,11789
1656,4,3,306,17.7,12414
1657,4,4,317,15.6,12490
1657,3,4,286,16.7,11354
1657,2,4,362,15.7,13776
1657,3,4,270,16.6,12812
1658,3,3,309,18.3,12210
1658,4,5,303,25.4,14013
1658,4,5,293,20.8,13512
1659,3,3,338,15.3,11662
1659,4,3,355,14.8,13090
1659,2,2,205,14.3,10633
1660,3,3,348,18.2,12341
1660,2,3,258,13.7,11683
1661,4,4,395,19.4,14430
1661,3,4,331,17.6,14269
1661,3,3,345,15.8,11643
1662,3,2,205,14.8,10781
1662,3,6,389,22.3,14578
1662,3,3,281,17.3,11240
1662,3,3,261,12.0,11552
1663,5,5,306,16.6,12563
1663,3,2,309,16.2,11541
1665,3,3,368,20.0,13835
1665,5,5,277,16.7,13396
1665,3,3,277,17.7,11188
1665,3,5,308,16.7,12655
1665,2,3,275,17.8,12030
1666,3,2,356,14.7,11770
1666,4,5,295,19.1,15355
1666,3,3,308,18.2,12308
1666,3,5,388,22.2,15693
1666,3,3,350,15.6,11845
1667,2,3,257,13.1,11740
1667,4,5,300,25.7,14129
1668,4,5,393,19.7,14291
1669,3,5,322,19.6,13593
1669,2,3,257,14.8,11689
1669,3,1,276,10.3,10914
1670,2,3,256,13.5,11547
1670,3,4,370,19.8,13679
1671,1,3,260,12.8,11650
1671,4,4,278,16.4,13448
1671,4,3,355,14.3,11668
1672,3,4,366,19.4,13601
1672,3,4,280,17.5,11288
1673,4,5,392,19.7,14210
1674,3,4,345,16.2,12577
1674,4,3,305,17.1,11708
1675,4,5,307,25.9,14185
1676,5,4,390,19.8,14351
1677,2,6,323,19.6,13425
1677,4,3,368,19.7,13728
1678,3,5,392,22.2,15615
1678,4,2,199,13.6,10644
1679,4,4,310,17.3,12443
1679,4,5,309,18.4,13033
1679,3,3,348,19.0,12591
1679,4,4,390,19.3,14375
1680,2,3,307,16.8,11486
1680,3,4,344,18.4,13566
1680,3,5,338,17.9,13014
1680,4,6,338,24.9,16581
1680,3,3,274,20.1,13553
1682,4,5,303,25.7,14276
1682,4,6,345,24.4,16737
1682,5,4,302,25.4,14210
1682,2,3,263,13.0,11659
1683,4,4,304,22.4,13340
1683,3,3,306,16.4,11595
1683,2,1,263,10.0,9325
1684,4,4,341,16.9,13488
1684,3,4,310,18.2,13094
1685,4,5,303,26.1,14132
1686,4,4,313,18.2,13157
1686,3,3,303,18.0,12301
1686,3,3,335,16.9,13281
1686,3,4,369,19.2,13639
1687,3,3,303,15.8,11263
1687,5,4,305,22.9,13176
1687,3,5,307,21.8,14549
1687,3,4,300,21.8,13231
1689,2,4,401,23.7,14685
1689,3,5,312,22.1,14412
1690,4,4,342,16.6,13398
1690,3,3,312,18.4,12105
1691,3,4,340,18.6,13499
1691,3,5,342,21.6,14415
1691,4,4,304,22.4,13202
1692,4,4,333,18.7,14616
1692,3,3,306,15.8,11673
1693,4,4,344,16.5,13227
1694,4,6,335,24.9,16465
1695,3,4,344,18.2,13548
1695,3,4,350,16.2,13249
1696,4,4,344,19.1,13642
1696,2,6,340,21.6,14414
1696,2,2,205,17.0,10677
1697,4,5,322,20.3,13545
1697,4,6,339,27.4,16045
1697,3,5,349,17.1,13176
1698,2,4,321,19.4,13441
1699,3,5,314,22.3,14494
1699,3,4,312,17.4,13232
1700,3,5,368,18.8,13760
1701,2,3,307,17.7,12080
1702,3,3,347,14.4,12590
1702,4,6,342,24.2,16611
1702,3,5,310,22.2,14498
1702,3,5,399,23.3,14660
1703,4,4,326,16.8,13625
1703,4,7,338,24.4,16627
1703,3,3,314,21.9,13961
1703,4,5,341,24.6,16714
1703,3,4,306,22.2,13196
1703,3,5,306,18.2,13115
1704,3,5,339,18.1,13594
1705,4,3,308,18.5,13056
1705,3,6,340,28.1,16023
1705,3,3,276,18.3,11961
1705,4,6,338,24.5,16581
1705,3,4,345,16.6,13216
1705,4,7,346,26.8,16100
1705,1,3,261,13.7,11760
1706,3,3,275,18.3,11848
1706,2,4,319,20.4,13317
1707,3,4,360,20.0,13662
1707,4,4,296,16.6,13807
1707,4,5,346,22.0,14437
1708,4,3,310,21.5,13904
1708,3,4,313,21.0,13866
1709,3,4,346,16.6,13356
1709,3,3,341,14.7,12291
1709,4,4,338,20.4,13251
1710,3,4,337,20.6,13329
1710,3,4,394,22.6,14859
1711,3,5,400,24.5,14748
1711,3,4,311,19.9,13876
1711,4,4,339,15.3,12281
1712,3,2,286,14.7,12282
1712,4,4,302,17.5,14078
1713,3,4,329,21.2,13498
1714,3,6,286,19.7,12731
1714,3,5,351,21.4,13941
1715,3,3,202,17.2,10588
1715,3,4,335,18.6,14727
1715,4,4,314,21.5,14547
1715,3,4,340,20.4,13273
1716,4,4,338,20.2,13202
1716,3,4,278,19.1,11915
1716,4,5,314,22.4,14522
1716,3,4,381,20.2,13277
1717,3,5,342,21.7,14369
1717,4,4,298,17.0,13736
1718,4,5,325,20.4,13414
1718,4,5,338,18.0,14745
1718,3,4,312,20.5,13896
1719,4,4,296,19.7,15042
1719,2,3,201,17.2,10579
1720,4,3,308,19.8,13916
1720,3,4,385,21.2,13115
1721,4,5,349,18.8,13417
1722,2,2,349,18.9,13503
1722,3,4,311,20.2,13823
1723,2,4,330,19.0,14845
1723,4,3,198,17.0,10652
1723,4,5,320,22.0,14639
1723,2,4,341,20.5,13234
1723,2,3,343,16.9,13276
1723,3,5,399,23.5,14558
1724,4,5,346,20.5,14835
1724,4,6,339,24.0,16618
1724,4,4,299,19.2,13501
1724,3,3,294,17.8,14045
1725,4,3,327,15.9,13315
1726,3,4,294,19.0,13345
1726,3,3,200,17.2,10546
1727,4,3,295,17.6,11320
1727,3,4,326,20.5,13371
1727,4,4,301,16.8,13770
1731,4,3,302,19.1,13382
1732,4,4,294,19.8,13640
1732,2,2,340,14.6,12178
1733,3,1,264,10.0,9211
1733,3,5,384,20.7,13122
1734,3,3,329,20.4,13430
1734,3,5,327,20.8,13950
1734,4,6,334,21.2,15157
1735,3,5,303,19.2,13573
1735,4,3,295,17.6,11318
1735,3,4,332,20.7,13742
1736,4,5,331,21.3,13580
1736,4,5,317,22.8,14837
1736,3,3,268,18.4,13858
1737,3,5,339,21.7,15204
1737,2,3,273,16.9,13750
1738,4,5,301,16.7,13800
1738,4,4,299,17.8,13766
1738,3,5,331,21.3,13771
1738,3,4,383,20.6,13112
1738,3,3,304,18.9,13547
1739,3,4,384,20.6,13231
1739,3,2,324,16.7,13459
1740,3,4,298,19.5,13376
1740,3,6,329,20.8,13890
1741,3,4,297,16.3,13641
1742,4,5,334,21.5,13921
1743,3,3,346,17.5,13417
1743,4,6,328,22.1,15182
1743,3,3,296,17.7,11332
1743,4,3,315,15.2,13671
1743,3,4,300,19.4,13487
1744,4,5,329,21.3,13925
1744,4,3,202,16.8,10555
1745,5,4,317,22.4,13485
1745,3,4,368,21.1,14566
1745,3,4,338,17.6,13439
1746,3,3,272,17.3,13846
1746,3,3,272,17.8,13730
1747,4,5,357,20.6,14670
1748,3,4,272,18.7,14298
1748,4,6,344,27.5,16154
1750,4,5,335,21.4,15175
1750,4,5,334,21.4,15199
1750,3,3,344,16.9,13575
1750,5,5,335,21.8,15087
1751,3,3,299,19.9,13259
1751,3,4,334,19.3,14659
1751,4,5,297,17.3,14097
1752,4,5,284,19.5,12800
1752,4,5,309,15.4,12984
1752,2,3,352,13.6,11590
1752,4,4,301,17.2,13906
1752,4,4,304,16.2,12895
1753,4,4,304,15.9,13882
1753,3,5,281,19.0,12839
1754,4,3,326,16.9,13470
1754,3,2,358,19.4,12699
1754,4,4,335,21.3,15214
1754,4,5,320,22.1,14701
1754,3,4,306,16.8,12937
1755,3,3,276,18.1,14429
1755,4,4,322,21.8,14283
1756,4,3,318,15.8,13579
1757,3,2,336,17.4,12952
1757,4,4,363,20.6,14658
1757,4,4,319,15.0,13528
1757,4,5,334,22.0,15142
1757,3,4,384,22.4,15584
1758,3,3,333,17.1,12736
1759,3,3,334,17.2,12961
1759,3,2,335,17.0,12892
1760,4,5,383,18.4,15400
1760,5,2,315,15.5,13730
1761,3,5,325,22.6,13446
1761,3,3,349,18.2,13598
1761,3,5,298,18.4,13497
1761,3,2,349,17.4,13394
1762,3,3,336,17.3,12885
1764,3,4,311,19.5,13287
1765,4,4,360,17.3,13987
1765,3,2,299,18.8,11422
1765,4,6,322,22.2,14732
1765,4,7,433,20.1,16551
1767,5,5,299,15.7,13049
1767,3,3,356,13.1,11636
1767,3,4,336,20.7,14094
1768,4,6,333,21.8,15256
1768,3,5,346,19.8,13762
1768,2,5,337,21.8,13825
1768,4,2,301,17.3,11451
1769,3,4,344,18.6,13700
1770,4,4,320,23.1,13584
1770,4,3,376,18.2,15006
1772,4,5,352,16.5,15338
1772,3,5,369,22.3,15141
1772,4,5,369,21.0,14441
1772,3,2,355,13.6,11672
1772,4,5,288,19.1,12948
1773,4,4,322,16.6,13468
1773,3,3,352,13.2,11487
1773,3,5,362,20.6,14608
1774,3,7,427,21.1,16755
1775,4,6,339,22.1,15076
1775,3,4,353,16.9,14913
1775,3,3,355,12.5,11680
1775,4,4,320,22.2,14349
1776,3,4,364,19.3,12779
1776,4,7,428,19.8,16476
1776,4,6,429,20.5,16687
1777,4,5,384,22.2,15485
1778,4,6,370,21.3,15154
1778,3,2,353,13.2,11867
1778,4,3,300,17.3,13947
1778,5,4,323,21.9,14129
1778,3,5,346,24.8,14841
1780,5,5,374,19.3,14979
1780,4,5,352,19.1,12017
1780,3,4,347,19.6,13675
1781,5,3,349,19.3,12085
1782,4,4,321,22.7,13485
1782,2,3,354,13.4,11621
1783,3,4,351,17.4,14212
1783,4,5,319,22.7,13564
1784,3,6,364,18.3,14747
1784,2,5,369,18.5,14708
1785,3,4,371,19.1,15179
1785,3,5,381,22.7,15524
1786,3,6,374,21.8,15100
1787,4,4,287,21.3,14223
1787,3,3,292,20.7,14129
1787,4,5,389,22.0,13595
1788,4,5,370,22.2,15103
1788,5,4,345,21.9,14855
1788,4,4,291,20.0,14091
1788,4,4,344,23.5,14582
1789,4,6,381,22.4,15439
1789,4,4,316,22.1,13613
1790,5,4,373,21.8,15295
1791,3,3,360,19.1,12761
1791,3,5,364,18.0,14669
1791,3,5,388,19.5,15385
1791,3,4,348,19.9,13691
1791,4,6,375,21.1,15320
1792,4,4,323,23.0,13594
1793,5,4,355,17.2,14159
1794,3,5,362,17.9,14788
1794,4,4,355,16.4,15036
1794,4,5,340,24.5,14814
1795,2,4,364,18.3,14612
1796,4,4,291,20.6,14115
1796,3,3,291,20.4,14138
1796,4,4,374,19.3,15141
1797,4,5,370,21.8,15147
1797,4,3,317,15.7,13563
1797,4,5,394,20.9,13684
1797,4,4,372,19.4,15186
1798,4,5,369,21.9,15001
1799,4,4,324,22.4,13477
1800,3,5,360,19.9,14565
1800,4,4,357,17.7,14075
1800,4,4,356,18.3,14059
1800,5,6,399,21.4,13609
1801,3,4,357,17.0,14442
1802,5,3,297,20.4,14095
1803,4,4,375,19.5,15359
1803,3,2,359,20.1,12790
1804,4,5,345,23.5,15010
1804,3,3,360,19.2,12674
1804,5,6,343,23.9,14829
1805,4,5,387,23.9,16191
1805,4,4,351,18.8,12012
1805,5,5,354,19.4,12044
1806,4,5,362,20.8,14646
1806,3,3,351,19.4,12160
1806,3,4,335,20.8,14137
1807,4,4,290,20.4,14052
1807,5,5,395,21.9,13686
1808,4,5,359,17.7,14872
1808,3,4,389,18.8,15634
1809,4,5,367,20.8,15041
1810,3,3,360,17.7,14334
1811,4,3,360,18.3,12590
1812,4,5,345,23.7,14812
1812,5,5,340,22.5,14784
1812,4,4,336,22.4,14758
1812,3,4,338,20.8,14146
1813,3,3,342,15.9,13157
1813,4,4,388,19.1,15711
1814,3,5,390,18.4,15539
1816,5,4,291,20.7,12313
1817,4,5,347,19.1,13580
1818,3,4,356,17.1,14209
1819,4,5,393,21.5,13561
1821,3,2,323,16.5,12524
1821,5,6,395,21.3,13584
1823,4,5,292,20.5,14052
1823,4,6,361,20.8,14562
1823,3,3,341,20.9,14054
1824,3,4,361,20.9,13543
1824,4,4,289,21.1,12286
1825,4,5,392,19.1,15676
1825,4,4,282,16.1,14353
1827,4,5,437,22.9,17279
1828,3,4,394,21.6,13813
1829,4,4,290,21.7,12298
1829,4,5,388,21.5,13613
1829,3,3,335,16.7,13232
1829,4,4,339,23.3,14609
1830,5,5,392,21.6,13748
1831,3,5,337,20.6,14826
1831,3,3,326,16.5,12681
1832,4,4,279,16.7,14437
1834,4,5,356,17.7,14296
1834,5,4,356,20.5,14839
1834,5,5,288,21.3,12200
1835,4,3,359,18.6,12348
1836,4,4,279,17.1,14406
1836,3,4,361,18.9,12511
1839,4,6,374,22.5,16850
1840,4,7,371,23.7,16703
1841,4,3,361,18.8,12416
1842,2,4,333,14.5,14065
1842,4,4,288,20.9,14696
1843,3,2,335,17.2,11965
1843,3,5,323,21.7,15011
1843,4,6,427,27.0,18326
1844,3,4,391,20.8,13641
1845,4,2,336,17.0,11731
1846,2,3,326,15.7,12755
1846,3,3,338,17.3,11825
1847,4,5,390,24.0,16277
1847,5,5,397,21.5,13653
1848,3,3,366,19.7,14577
1848,6,6,427,27.0,18401
1848,4,4,356,17.0,14250
1849,4,3,331,15.6,11871
1849,2,3,370,19.5,14674
1849,4,4,357,19.5,12291
1850,4,4,322,18.7,14823
1851,4,5,329,19.0,14815
1851,4,4,281,16.9,14418
1852,4,3,338,12.1,14580
1852,4,6,374,23.5,16961
1852,3,2,269,13.4,12577
1853,4,6,369,23.7,16846
1853,4,3,332,12.5,14469
1853,2,5,391,18.5,15516
1853,3,4,358,21.1,13358
1853,4,3,268,14.8,12612
1854,3,4,292,21.5,14661
1854,3,4,362,20.7,13325
1855,3,4,364,19.7,13331
1856,4,6,370,23.9,16744
1856,5,5,426,18.8,14716
1857,5,5,373,26.0,16927
1858,3,4,331,21.0,14770
1858,3,2,264,13.8,12508
1859,3,3,357,19.2,12423
1861,5,6,429,28.6,18207
1861,5,4,340,21.9,14828
1862,4,3,330,14.5,12000
1862,5,6,368,23.3,16791
1862,3,3,339,15.5,11971
1862,5,7,364,24.2,16947
1862,4,6,374,24.5,16861
1862,5,4,326,22.3,14864
1863,3,3,335,15.0,14031
1863,4,4,323,19.2,14858
1863,4,4,368,20.8,13362
1864,4,3,369,19.9,14692
1864,5,7,429,26.6,18119
1865,4,4,294,20.2,13765
1865,3,3,340,14.4,14108
1865,3,3,303,17.6,14307
1866,4,6,365,24.4,16820
1866,3,3,368,20.1,14469
1867,4,3,331,15.7,11987
1869,4,5,426,19.1,14886
1869,5,6,427,27.0,18280
1871,3,3,299,17.8,14259
1871,5,6,375,25.5,16903
1872,4,5,322,21.7,14818
1873,2,4,331,14.7,14197
1874,4,3,344,20.6,13464
1875,5,5,423,19.2,14880
1877,5,5,428,18.0,15008
1878,5,4,322,21.3,14798
1878,4,5,326,21.9,15002
1878,5,5,422,19.5,14929
1878,4,3,337,16.7,12002
1879,4,3,332,12.0,14480
1879,5,6,427,27.0,18064
1880,4,4,432,18.7,14867
1880,4,3,337,16.9,13239
1880,3,4,342,20.6,13481
1883,3,4,330,12.8,14607
1884,4,4,343,20.8,13502
1884,5,7,422,26.5,18244
1884,4,3,347,21.2,13234
1885,4,5,295,21.1,13827
1886,4,6,378,23.7,16850
1887,4,4,332,13.2,14408
1888,4,4,349,24.5,14147
1888,4,5,356,21.3,16303
1888,3,5,322,21.4,14858
1889,3,6,384,21.1,15670
1889,4,5,351,21.3,16301
1890,4,5,350,25.5,14086
1890,4,6,375,24.2,16903
1891,4,2,306,17.6,14286
1892,4,6,383,22.0,15617
1892,3,6,374,24.4,16992
1892,4,3,374,21.2,13934
1893,4,5,383,20.9,15478
1893,4,4,359,21.0,16538
1895,4,4,330,19.7,14780
1895,3,4,326,21.5,14721
1896,4,5,393,22.2,16242
1896,5,5,357,20.9,16374
1896,4,4,328,20.8,13619
1898,4,6,323,21.1,14728
1900,4,5,382,21.1,15620
1900,5,5,381,21.1,15376
1901,3,3,317,16.9,13112
1901,4,5,347,25.6,14128
1902,4,4,290,19.5,12340
1902,4,6,365,23.9,16083
1903,3,5,382,26.2,16377
1904,4,5,405,22.9,15051
1904,4,5,338,20.0,13433
1904,4,3,305,18.3,13396
1907,3,6,324,21.9,14738
1907,3,5,370,24.5,16986
1908,4,6,391,22.1,16408
1908,4,5,305,18.9,13256
1909,3,3,314,16.3,12753
1909,3,4,376,21.1,13817
1910,5,6,374,24.9,16754
1911,4,4,302,18.3,13356
1911,3,6,386,21.3,15563
1911,4,4,326,22.6,14727
1914,3,4,379,21.5,13797
1914,5,5,395,22.0,16489
1915,4,5,406,22.5,15079
1915,3,4,320,16.5,12945
1915,4,4,305,18.5,13263
1916,3,3,315,16.8,12913
1916,2,4,378,21.3,13844
1917,4,7,391,22.2,16314
1918,5,5,354,25.7,14089
1918,4,4,374,22.3,15553
1919,3,4,332,18.3,15733
1920,5,6,379,24.3,17012
1922,5,4,333,20.5,13643
1924,2,4,294,18.9,12552
1924,4,6,372,24.1,17068
1924,4,6,401,22.1,15056
1926,3,5,346,19.2,15941
1926,2,3,313,16.2,13096
1927,4,5,361,24.7,15994
1927,3,5,342,16.3,13950
1928,4,5,364,24.4,15975
1928,5,4,364,23.8,15822
1929,4,6,380,24.0,14861
1930,3,4,367,24.8,15871
1930,3,4,294,19.3,12416
1931,4,5,394,26.8,16164
1931,2,3,311,17.2,12977
1932,4,4,362,24.7,13523
1932,2,4,329,19.6,15686
1933,5,3,333,20.2,13694
1933,4,5,388,27.1,16389
1933,3,5,368,24.4,13597
1933,3,5,368,24.9,13551
1934,3,5,391,23.1,16806
1934,4,5,375,22.1,15523
1936,3,3,290,19.7,12404
1937,3,6,364,24.2,13615
1937,3,5,364,25.1,16013
1937,4,4,307,16.2,12920
1938,4,5,379,22.0,15427
1938,4,5,386,26.4,16252
1939,3,5,366,23.6,13692
1939,5,5,383,25.9,16214
1939,4,4,332,20.3,13771
1940,4,5,343,19.3,15882
1940,5,5,381,24.0,14982
1941,3,3,299,19.6,12598
1942,3,5,380,25.8,16080
1942,3,3,312,16.2,14958
1942,4,5,326,17.5,15638
1943,4,4,324,22.1,14525
1944,4,3,312,16.4,15079
1944,4,4,386,22.0,15590
1945,4,5,380,24.3,15106
1945,4,3,334,19.6,14901
1945,3,4,330,18.3,15811
1945,3,4,346,17.9,14052
1946,4,5,348,17.4,13993
1946,4,4,371,21.3,15802
1948,4,5,343,17.2,13975
1948,4,4,328,21.7,14345
1949,4,5,402,20.7,15096
1950,4,6,383,22.1,16515
1950,4,3,321,15.7,14999
1951,3,5,372,23.5,13370
1951,4,4,339,19.0,14797
1955,3,6,379,24.5,15248
1956,2,4,328,19.2,15750
1956,3,4,347,17.6,13785
1958,3,4,316,16.1,14873
1958,3,5,458,26.1,17904
1958,4,5,391,22.5,16676
1958,5,2,321,16.7,15033
1959,4,4,376,24.1,14992
1959,4,5,374,21.2,15056
1960,4,4,346,17.4,13978
1960,4,3,359,24.2,14419
1960,4,4,338,20.1,14846
1960,4,3,365,18.9,15834
1961,5,4,330,20.2,13535
1962,5,5,362,19.3,15857
1963,2,3,339,17.9,13691
1963,5,4,365,20.6,15748
1964,4,3,320,16.7,14771
1964,4,3,354,13.9,13841
1964,4,3,316,16.2,15079
1965,3,5,357,24.3,14617
1965,5,5,325,22.7,14572
1965,3,2,340,17.4,13511
1965,4,4,374,23.1,16217
1966,4,6,369,21.8,15382
1966,5,4,337,21.5,14695
1966,4,5,458,26.2,17856
1966,5,5,372,20.5,15050
1967,4,3,291,17.4,13664
1967,3,5,358,20.7,15540
1967,3,5,369,23.9,13659
1969,4,5,369,20.7,15248
1969,4,7,459,26.8,17619
1970,4,6,459,26.7,17757
1971,3,4,357,24.0,14487
1972,5,5,359,20.8,15510
1972,4,4,368,23.8,15395
1972,4,5,365,21.0,15213
1973,5,5,370,21.8,15210
1973,4,4,398,20.7,15189
1974,4,5,358,21.2,15736
1974,3,4,338,19.0,14904
1975,4,5,357,21.0,15827
1975,5,4,401,20.7,15019
1976,4,6,434,24.2,15678
1976,4,6,397,27.0,18195
1977,4,4,364,19.8,15804
1977,4,5,343,22.9,15346
1978,4,4,363,19.6,15770
1978,4,4,289,19.6,12594
1979,4,5,358,20.7,15574
1980,3,4,351,17.7,12530
1981,3,4,358,24.3,14505
1981,4,5,361,20.1,15813
1982,3,3,343,17.9,13614
1982,4,5,335,20.9,15781
1982,3,5,393,22.6,16505
1982,4,5,392,22.0,16790
1984,4,5,331,20.3,14436
1984,4,5,392,22.7,16654
1984,4,5,370,21.3,15173
1984,3,4,353,17.2,12248
1985,4,4,342,18.6,14355
1985,4,6,395,26.7,17867
1985,3,6,371,21.5,15208
1985,5,4,342,20.5,14717
1985,4,4,307,17.9,15220
1986,4,5,340,21.1,15224
1989,3,4,358,23.3,14585
1989,4,6,436,24.0,15761
1990,4,4,358,20.4,15604
1990,4,5,370,24.7,15263
1991,4,6,399,27.0,18122
1991,3,4,410,21.5,13741
1991,4,6,390,27.9,17868
1992,3,3,290,16.5,13775
1992,4,3,367,19.5,15856
1993,4,5,340,22.0,15182
1993,4,5,364,21.2,15207
1993,4,4,346,17.0,13891
1995,3,7,400,28.1,17972
1995,4,6,335,22.6,15042
1995,6,6,394,25.4,18306
1995,4,5,369,24.7,15289
1995,3,4,336,20.1,14322
1995,2,4,353,23.8,14434
1995,4,5,377,23.1,16152
1996,4,4,332,20.6,14307
1996,4,4,411,21.1,13762
1996,4,4,337,21.7,16414
1996,4,3,342,17.9,14284
1997,3,5,365,19.6,15730
1997,2,2,290,16.7,13839
1999,4,4,344,18.1,14425
1999,3,6,397,27.6,17947
2000,4,4,331,20.8,14441
2000,4,5,342,21.4,16373
2000,4,6,394,27.4,17932
2001,6,7,407,26.8,19307
2001,4,6,390,26.7,17901
2001,4,5,382,23.3,16276
2002,5,5,400,24.9,18365
2004,4,4,340,21.9,15231
2004,4,4,401,15.5,15030
2005,4,5,335,21.6,16451
2005,4,6,344,20.6,16305
2007,4,5,446,17.0,15531
2008,4,7,404,26.5,19149
2009,5,6,408,25.4,18280
2009,4,5,305,19.1,14770
2010,5,4,313,17.5,15306
2010,4,4,340,23.2,15189
2010,4,4,400,15.3,15027
2011,5,5,367,25.0,15216
2011,5,3,387,20.9,15135
2012,5,4,360,18.3,14481
2013,5,4,306,18.1,15306
2013,4,4,340,18.0,14197
2013,3,5,377,22.3,16168
2015,4,8,405,26.4,19278
2015,4,4,403,21.4,13822
2015,3,3,358,14.6,13942
2016,3,3,354,14.0,14131
2016,4,4,375,21.6,14727
2016,4,3,359,14.8,13821
2018,3,3,392,21.2,15310
2019,5,7,409,26.7,19202
2019,3,3,354,14.6,14149
2020,4,4,237,20.1,12373
2020,5,6,327,24.8,17307
2020,5,4,307,17.8,15230
2022,4,4,391,19.0,17086
2022,4,4,282,22.6,15200
2023,3,5,346,20.9,15634
2024,5,4,390,21.9,16251
2024,4,7,414,26.4,19221
2025,3,3,342,18.1,13704
2025,3,5,352,16.7,12421
2026,4,5,328,24.5,17335
2026,4,5,395,21.6,15200
2027,5,6,406,26.3,19118
2027,4,4,441,16.9,15547
2027,3,4,308,19.0,14964
2028,4,6,332,25.6,16321
2028,4,6,334,24.1,17443
2028,5,4,446,17.8,15335
2029,4,4,306,18.7,14882
2029,5,6,402,25.3,18273
2030,4,4,303,18.7,14918
2030,4,5,331,25.4,17423
2030,4,3,440,16.7,15549
2030,4,5,406,25.3,18359
2031,4,6,443,23.9,15676
2031,4,5,340,21.1,16452
2031,4,4,360,18.1,14628
2031,4,5,345,21.7,15672
2031,5,5,360,19.1,16079
2032,5,6,410,26.9,19227
2032,4,4,384,21.3,15142
2032,4,6,399,23.9,15286
2033,3,4,372,21.5,14717
2033,5,6,393,22.9,16128
2034,4,5,388,22.2,16371
2034,4,5,441,16.8,15472
2034,4,5,333,24.4,17327
2036,4,3,396,17.6,14503
2037,4,3,388,21.1,15045
2037,6,6,357,19.7,16235
2038,5,5,360,18.6,16160
2038,4,4,438,16.2,15575
2038,5,5,436,17.0,15449
2039,5,3,425,19.8,14328
2039,4,4,355,18.6,14827
2040,5,5,359,19.2,16284
2040,4,5,308,17.9,14819
2041,4,5,436,17.7,15723
2041,4,4,243,19.9,12378
2042,4,4,424,20.0,14261
2042,3,4,245,19.5,12394
2043,4,5,334,21.4,15624
2044,5,6,360,18.4,16268
2045,4,4,248,19.9,12505
2045,5,6,487,26.5,20023
2045,4,5,389,18.9,14816
2045,3,4,398,18.1,14531
2046,3,4,242,20.1,12423
2047,4,4,245,18.4,12379
2048,4,5,382,22.1,16289
2048,5,6,488,26.4,19721
2048,4,5,400,23.4,15261
2049,3,4,396,23.8,15001
2049,5,5,365,25.1,15174
2049,4,4,388,21.2,15169
2050,4,6,405,22.8,16052
2051,5,5,400,25.8,18389
2052,4,4,400,22.1,16002
2052,3,4,240,19.4,12491
2052,3,3,383,19.9,15471
2053,4,5,385,21.9,16486
2053,4,5,404,21.5,16104
2054,5,5,376,24.2,15832
2054,5,4,389,21.2,15143
2055,2,2,383,18.1,13464
2055,4,5,396,21.8,15471
2055,3,5,240,20.0,12292
2055,4,5,391,19.5,17046
2056,4,3,239,19.5,12547
2056,5,5,347,21.6,15630
2056,5,5,345,21.4,15664
2057,3,5,400,22.9,15271
2057,5,4,409,20.0,15503
2057,4,4,386,18.6,14688
2057,4,4,398,17.5,14542
2060,4,5,387,19.5,17087
2062,5,5,328,19.0,15348
2065,4,3,405,19.2,15544
2066,4,4,401,18.4,14551
2066,3,4,297,22.7,15514
2067,4,4,387,20.8,15345
2068,5,5,480,26.5,20079
2068,5,6,484,26.6,19962
2070,4,4,324,18.7,15605
2070,4,4,399,17.9,14596
2070,4,5,387,21.9,15103
2070,5,6,418,25.3,17499
2070,5,6,425,24.1,17440
2071,4,5,402,21.9,16099
2071,5,6,417,23.9,17543
2071,4,5,382,24.2,16025
2072,3,5,386,21.0,14772
2073,4,4,323,19.0,15622
2074,4,5,299,22.9,15463
2074,4,5,300,24.2,15437
2075,5,5,423,24.3,17434
2076,3,4,355,20.1,13673
2077,3,5,378,28.4,17473
2078,3,5,294,22.9,15557
2079,5,5,343,24.8,15815
2080,4,4,373,24.0,15773
2081,4,3,385,16.0,15276
2081,4,5,385,20.7,14784
2081,4,3,410,19.2,15589
2081,4,5,353,21.0,13993
2082,4,4,409,17.9,15344
2083,5,6,344,24.3,15814
2084,4,5,391,21.9,16594
2085,4,4,408,18.9,15542
2086,5,7,429,24.7,17185
2086,4,3,324,18.8,15618
2087,5,4,398,19.0,14455
2087,5,3,350,17.2,14756
2087,4,4,386,20.0,15649
2089,4,3,402,19.3,15550
2089,4,4,386,20.4,15515
2090,2,3,382,18.6,13579
2090,4,3,351,20.4,13805
2090,4,4,343,24.9,15805
2092,4,5,406,18.5,15479
2092,5,8,371,28.6,19025
2092,5,7,458,27.5,19394
2092,5,3,356,19.6,13749
2093,4,5,408,18.8,15504
2094,3,6,438,27.1,18297
2095,4,5,377,24.5,15872
2096,4,5,306,22.8,15559
2097,4,4,386,25.1,16708
2097,4,2,327,19.0,14047
2097,3,4,388,18.8,14745
2097,5,4,379,21.2,15493
2100,4,5,383,25.0,15943
2102,4,6,437,27.6,18154
2102,4,5,384,20.6,14612
2102,3,5,387,23.4,16811
2103,4,6,375,28.0,17520
2103,3,3,384,18.8,13449
2103,4,6,434,27.2,18382
2103,4,4,398,20.8,15565
2103,5,4,409,18.1,15580
2104,3,4,358,20.3,13766
2104,4,3,385,15.9,15217
2104,5,7,461,28.3,19045
2104,4,4,354,20.0,13734
2105,4,4,386,18.2,14610
2105,4,3,386,16.0,15292
2105,4,2,390,15.5,15202
2106,5,6,390,23.8,18012
2106,6,4,326,19.5,12107
2107,3,4,391,19.2,15031
2108,4,6,377,28.3,17386
2108,4,6,373,27.8,17513
2109,5,4,422,19.4,16851
2109,4,6,374,27.7,17541
2109,4,4,385,24.6,16765
2110,4,7,371,28.5,19210
2111,4,6,437,27.3,18262
2112,3,4,397,20.2,15396
2113,5,4,329,19.4,13216
2113,6,7,461,26.5,19310
2113,4,4,359,15.3,13941
2116,5,8,457,22.2,19973
2117,5,8,458,21.6,20002
2117,5,7,455,22.3,19913
2117,4,5,413,20.5,16690
2118,5,4,394,19.4,15293
2118,5,7,457,22.8,20158
2119,5,7,460,27.4,19266
2120,4,4,391,23.4,16388
2120,5,4,425,18.4,16614
2120,4,5,400,23.6,16158
2121,4,5,373,24.1,15888
2121,4,3,360,15.9,13873
2122,4,3,330,18.7,12134
2123,3,5,430,20.2,16977
2123,4,6,386,24.3,16715
2124,4,4,424,19.1,16879
2124,4,5,383,21.7,15415
2125,4,4,395,23.5,16342
2125,5,7,452,22.7,19846
2125,3,6,390,22.8,16497
2125,4,6,436,27.6,18313
2125,5,7,368,28.6,19168
2126,5,4,358,16.8,14670
2126,4,3,381,15.8,15230
2126,5,4,354,17.1,14585
2127,5,4,322,19.2,12029
2127,6,3,358,18.2,14660
2128,4,6,396,23.9,16084
2128,4,4,407,21.3,16972
2129,4,4,389,19.5,15618
2129,4,3,380,17.0,13183
2129,4,4,327,19.0,13400
2130,4,4,392,19.5,15097
2130,5,4,407,20.4,16258
2130,4,3,325,18.8,13992
2131,5,4,354,17.1,14716
2131,4,4,395,20.2,15327
2132,5,3,351,17.9,14924
2133,2,4,334,16.1,14205
2133,4,5,387,24.5,16763
2134,4,5,382,20.1,15228
2134,4,5,397,23.7,16156
2134,4,4,323,18.4,13612
2135,4,5,388,23.3,16411
2135,5,4,326,18.9,11964
2135,4,2,388,15.9,13261
2135,5,5,400,24.1,17823
2136,4,5,408,20.8,16779
2136,3,3,320,18.7,14117
2136,5,5,420,27.3,17219
2136,5,5,397,24.1,18018
2136,4,4,327,19.0,13435
2137,4,4,390,20.7,15234
2137,5,3,325,18.5,11870
2137,5,4,351,16.3,14862
2138,5,6,362,28.5,19196
2138,3,3,387,16.2,15263
2138,4,6,393,23.4,16218
2138,4,4,426,19.5,16830
2139,5,5,325,19.2,13484
2139,4,5,375,20.5,16064
2140,4,5,403,23.1,15117
2140,4,5,397,21.5,15338
2140,4,3,381,15.9,13432
2141,5,3,428,18.8,16808
2141,4,5,381,20.8,15067
2141,5,6,408,22.2,17282
2142,3,5,388,23.4,16518
2142,5,4,418,28.0,17328
2142,5,7,361,27.7,19271
2142,4,5,396,21.8,15107
2142,5,6,435,28.1,18226
2143,3,4,374,20.0,16119
2143,5,6,409,23.0,17823
2143,5,4,380,21.5,15276
2143,4,3,359,15.7,13946
2143,5,7,372,29.3,19126
2144,5,4,426,20.2,16901
2144,5,7,399,22.6,17813
2144,4,6,408,21.5,16291
2145,5,6,422,24.8,15877
2145,3,5,411,21.5,16106
2145,4,5,362,22.8,16613
2145,4,5,374,20.1,15965
2145,4,5,429,19.2,16722
2145,6,5,419,26.7,17254
2145,4,6,334,24.1,17691
2146,4,4,424,27.0,17274
2146,4,6,360,25.0,18323
2146,5,7,403,23.1,17817
2146,5,5,423,26.9,17320
2147,5,6,352,23.0,17073
2148,4,5,410,21.2,16182
2148,4,5,427,19.4,16986
2148,4,5,400,21.9,16690
2149,4,3,383,17.4,13217
2149,5,3,405,22.3,16938
2149,5,5,380,20.7,15175
2149,6,8,403,22.7,17655
2149,5,3,363,15.6,13863
2150,6,5,376,21.0,15256
2150,4,5,331,18.9,13386
2151,4,4,410,20.4,16864
2151,5,6,404,22.4,17723
2152,4,3,364,16.7,16893
2152,3,2,362,17.8,17008
2153,5,6,372,19.9,15339
2153,3,4,356,23.5,16664
2154,4,6,409,21.8,17158
2154,6,4,405,21.7,16776
2154,4,6,392,23.3,15950
2155,4,4,367,16.2,16879
2155,4,4,370,17.5,16976
2156,4,5,417,21.1,16104
2157,5,4,322,18.6,12209
2157,4,4,355,22.1,17331
2157,5,5,333,24.3,17679
2157,3,4,337,19.1,15447
2158,4,5,423,24.3,15942
2158,4,6,416,21.5,17174
2158,5,5,352,22.3,17135
2159,4,4,416,21.5,14609
2160,6,6,331,24.1,17820
2160,3,3,332,19.6,15302
2160,6,7,432,27.3,20467
2160,4,4,398,23.3,16260
2161,5,5,412,20.6,16241
2161,3,3,335,16.9,14055
2161,4,5,388,21.0,15193
2162,3,3,327,18.5,13788
2162,6,7,432,27.4,20448
2162,5,4,357,21.5,17159
2163,5,4,405,22.1,16850
2163,4,4,422,20.7,14864
2163,5,3,367,16.9,16919
2164,5,4,333,19.1,13553
2164,4,5,394,20.7,15311
2165,4,5,401,22.3,15227
2166,5,4,411,22.7,16936
2166,4,6,406,22.2,17290
2166,6,7,430,27.0,20622
2166,5,4,363,16.7,16918
2167,4,2,368,16.7,17020
2167,3,5,420,24.2,16159
2168,4,5,420,24.6,16040
2168,4,5,420,24.2,16040
2168,4,5,401,22.3,15156
2169,4,3,368,17.3,16882
2169,4,5,361,25.7,18355
2169,4,5,393,20.0,15345
2169,4,6,458,22.6,15873
2169,4,4,429,20.9,15090
2170,4,5,376,19.7,15792
2170,3,4,427,21.0,14783
2170,4,5,395,20.1,15170
2170,6,4,392,26.0,17854
2170,4,5,403,25.8,17979
2171,4,3,323,19.4,13901
2171,4,4,377,20.0,15918
2172,4,3,367,17.1,16919
2173,4,5,384,19.7,15948
2173,6,7,430,27.9,20528
2173,4,6,363,21.8,15504
2173,3,3,363,16.8,16985
2173,4,3,427,18.5,16770
2173,5,5,374,24.3,15989
2173,6,5,360,22.3,17056
2174,4,4,401,22.4,16829
2174,3,4,380,19.9,15957
2175,4,6,412,21.0,17377
2175,4,3,425,20.1,14682
2176,4,6,356,24.4,18234
2176,5,6,334,23.7,17815
2177,4,5,395,21.4,16366
2177,5,6,418,27.9,17107
2177,4,4,428,20.5,14876
2177,4,4,334,19.1,15081
2177,5,7,431,26.9,20672
2178,4,4,334,19.0,15407
2178,5,5,404,19.1,14824
2178,3,5,459,22.7,15833
2178,4,4,381,21.5,17078
2178,6,7,427,27.6,20293
2178,4,4,334,19.5,15383
2178,5,4,377,23.7,15934
2178,5,5,358,23.8,18166
2179,5,5,393,21.4,16503
2179,5,5,361,18.2,15215
2179,5,5,351,24.0,18237
2179,5,7,418,22.4,16963
2179,5,4,416,20.6,16132
2180,4,5,389,20.9,15268
2180,5,5,417,21.3,16169
2180,4,4,379,19.9,15895
2180,4,2,369,17.4,16782
2181,5,5,373,23.3,16089
2181,3,4,421,24.5,15905
2182,5,6,357,23.9,18203
2182,4,4,366,20.5,15603
2182,4,4,381,19.9,15930
2182,4,3,367,18.2,16843
2182,5,7,418,22.3,16983
2182,6,5,360,23.8,18298
2183,2,3,337,17.4,14033
2183,4,4,334,18.7,13518
2183,5,5,372,23.8,15980
2183,4,5,395,20.9,16453
2183,4,6,425,21.8,16110
2183,5,4,431,23.4,16177
2184,4,3,370,16.9,16970
2184,4,5,459,21.8,16043
2185,4,5,458,22.7,15890
2185,4,4,381,19.2,16078
2185,4,5,398,21.5,16295
2186,4,4,374,20.1,16174
2186,5,6,353,23.6,18197
2186,4,5,394,21.8,16462
2187,5,5,400,26.0,17849
2187,4,4,401,19.4,14707
2187,4,5,406,22.8,15015
2187,4,5,358,24.1,18215
2188,5,6,357,23.1,18312
2188,6,5,339,24.6,17860
2188,3,3,340,16.7,14131
2189,5,6,395,26.1,17841
2189,3,5,399,22.5,15221
2189,4,6,410,22.7,17090
2189,4,6,417,27.2,19043
2189,3,3,335,16.2,13956
2190,4,5,407,22.5,16084
2191,5,6,401,24.2,17932
2191,5,6,421,27.0,18974
2191,4,4,424,21.4,14688
2191,4,6,375,21.4,16325
2191,5,5,403,24.4,17840
2191,6,5,369,23.4,16072
2192,5,6,334,24.0,17752
2192,4,5,421,20.8,17174
2192,4,5,425,22.9,16028
2193,3,4,379,20.4,15807
2193,4,4,319,20.3,15396
2193,5,5,431,22.2,16070
2193,5,6,415,22.2,16926
2194,4,5,380,19.2,15863
2195,5,5,429,22.5,16049
2195,4,5,368,21.5,15623
2195,5,6,418,22.3,17053
2196,4,5,380,22.0,16215
2196,5,5,332,24.2,17990
2196,4,5,403,22.6,16251
2198,4,3,337,19.1,15064
2198,4,6,419,23.5,17740
2198,5,6,407,24.6,18086
2198,6,6,420,22.8,17702
2199,4,5,393,21.8,16298
2199,5,4,381,21.6,17242
2199,4,5,365,21.7,15458
2199,4,5,406,23.0,16303
2200,5,5,372,23.9,15958
2201,5,5,380,21.8,17210
2201,4,5,395,22.3,16463
2201,5,6,357,23.5,18176
2201,3,3,407,19.8,14739
2201,5,6,358,23.7,18351
2202,5,6,356,24.1,18109
2202,4,4,403,21.6,16822
2203,6,5,356,18.8,15265
2204,4,5,423,25.1,15998
2204,4,5,376,22.2,16418
2205,6,6,404,24.3,18058
2205,5,7,410,21.2,19198
2205,5,4,381,22.2,17335
2205,3,6,399,22.1,15182
2205,5,5,381,21.9,17177
2206,5,6,412,21.9,16954
2206,5,6,385,22.2,17273
2206,5,5,334,24.3,17909
2206,4,6,457,23.2,15853
2206,6,5,414,21.8,19205
2207,5,7,421,26.9,18867
2207,5,4,398,19.5,14816
2209,3,5,380,22.4,16386
2209,4,3,333,19.1,14971
2209,4,5,405,22.9,16336
2210,4,4,388,20.8,16532
2211,5,5,403,23.3,17498
2211,4,4,393,21.4,16413
2211,6,7,419,27.2,18739
2214,5,4,429,22.1,16104
2214,4,5,369,22.1,16484
2214,4,5,399,21.4,16398
2215,4,3,334,19.2,14990
2215,5,5,418,23.2,17515
2216,4,4,366,21.4,15475
2216,4,4,369,21.9,15521
2216,4,5,371,21.9,15537
2216,4,3,337,19.2,14992
2217,4,3,338,19.6,14934
2217,4,4,415,21.7,16260
2217,5,5,371,21.8,15441
2218,5,7,420,26.7,18856
2218,4,3,343,21.1,15382
2219,4,4,440,22.3,16340
2219,4,5,361,21.4,15416
2219,4,4,343,20.7,15446
2220,6,5,429,22.6,16030
2221,5,4,415,24.0,17523
2222,5,5,364,21.7,15254
2222,4,4,443,22.6,16446
2223,4,5,349,20.3,15422
2223,4,7,415,21.2,19103
2224,4,4,343,20.7,15431
2225,5,3,443,22.6,16318
2225,4,6,410,21.1,19421
2229,6,4,414,23.9,17476
2230,5,5,417,22.9,17700
2231,4,5,414,23.3,17480
2233,4,4,362,19.1,13927
2233,4,4,347,20.8,15333
2233,5,6,411,21.1,19210
2234,5,7,380,23.0,17635
2234,5,5,404,23.4,17604
2235,5,6,410,20.4,19250
2235,4,5,404,23.8,17674
2235,4,3,334,19.1,14861
2236,4,5,448,23.3,16439
2237,4,6,384,23.2,16299
2237,6,6,424,25.9,19173
2238,5,5,402,23.1,16189
2238,5,6,415,21.6,19366
2238,5,4,445,22.2,16432
2241,3,5,385,23.2,16309
2243,3,4,355,20.0,17916
2245,4,6,321,21.1,17134
2245,3,5,343,20.5,15443
2245,6,4,386,19.9,15391
2245,5,5,418,23.1,17353
2246,4,6,378,23.2,15888
2247,3,5,378,22.7,16344
2247,5,7,416,21.3,19115
2247,4,5,434,26.1,16774
2248,4,4,353,17.2,16652
2248,5,8,392,27.3,18873
2248,4,5,377,22.8,15650
2250,3,5,431,25.2,16925
2250,5,7,390,27.0,19088
2251,5,5,324,21.7,17001
2251,5,6,379,24.6,17232
2252,5,5,440,24.8,16683
2253,5,5,323,21.4,17040
2253,5,7,392,27.1,19020
2253,3,5,382,22.1,16333
2255,4,5,386,22.9,16285
2255,6,6,346,25.3,17505
2257,4,5,379,22.3,15742
2257,4,4,356,17.4,16570
2258,5,6,345,23.3,18339
2259,5,6,384,24.3,17593
2259,5,5,379,22.3,15713
2260,4,5,347,23.1,18497
2260,4,5,385,23.2,16166
2261,5,5,437,25.9,16840
2261,4,5,357,19.0,17799
2261,4,5,359,19.6,17840
2261,5,4,429,25.8,16971
2262,5,5,439,24.1,18261
2264,4,6,341,23.4,18338
2266,3,5,385,22.9,16215
2266,4,6,441,25.9,16959
2266,5,5,377,22.8,15518
2267,3,5,376,22.0,15781
2268,4,6,404,26.3,17048
2268,5,5,404,27.0,16993
2268,5,5,436,25.0,16866
2269,5,6,347,25.2,18578
2269,4,5,381,21.9,15826
2270,4,4,354,17.5,16553
2271,4,7,405,26.6,17156
2271,4,5,431,25.4,17000
2272,4,6,398,26.2,17055
2272,5,6,426,26.1,19129
2273,4,5,431,25.7,17073
2273,6,5,378,21.9,16715
2273,4,3,357,17.7,16541
2273,4,5,356,17.4,16619
2274,5,5,409,22.7,17042
2274,4,6,379,21.9,15800
2275,3,6,357,19.6,17739
2276,5,5,413,22.5,17351
2277,5,5,432,23.7,18342
2277,4,4,387,21.8,15839
2278,5,5,412,23.0,16948
2278,6,6,408,22.1,17098
2279,5,5,385,22.3,17075
2280,5,6,349,24.4,18318
2280,5,6,342,22.9,17654
2281,4,4,430,23.3,18239
2281,5,6,416,26.5,17136
2282,5,5,432,23.8,18288
2283,4,4,390,20.8,15349
2284,5,6,383,24.2,17619
2284,6,5,426,24.6,18234
2285,6,5,411,26.2,17152
2285,5,4,390,20.2,15369
2285,5,6,323,21.8,16754
2286,5,5,329,21.7,17048
2287,3,5,354,26.2,17622
2287,5,5,393,20.1,15481
2287,5,4,346,20.9,16216
2289,5,6,433,24.1,18283
2289,4,4,353,25.1,17416
2290,4,6,439,25.5,16854
2291,4,5,345,24.9,17410
2292,5,5,401,23.6,16292
2292,5,6,436,24.8,16911
2292,6,6,429,24.4,18485
2292,5,6,343,25.3,17347
2292,5,5,380,20.4,16845
2292,6,5,346,25.5,17438
2294,4,3,363,18.1,15596
2294,3,6,359,19.4,17560
2294,5,5,345,25.2,17429
2295,5,6,438,25.1,16894
2296,5,5,379,21.1,16730
2296,5,5,419,25.5,17286
2296,5,5,416,24.2,17985
2297,3,5,436,25.6,17672
2297,4,4,360,21.2,15321
2298,5,6,375,21.3,15753
2298,4,5,468,21.5,18850
2299,5,5,372,21.5,15749
2300,5,4,343,21.0,16191
2300,5,5,440,22.4,18816
2302,5,5,348,22.3,17736
2302,4,5,438,22.3,18578
2303,5,4,353,16.2,15655
2304,5,5,344,21.9,17786
2305,5,5,379,21.0,16588
2305,3,5,368,25.0,15455
2306,3,5,433,25.2,17506
2306,5,4,342,22.3,16081
2306,5,3,345,17.4,15597
2307,4,5,410,24.1,16983
2307,5,4,342,17.6,15547
2307,6,6,418,26.4,17074
2307,5,5,374,21.1,15673
2307,5,5,437,23.5,18298
2308,4,5,360,21.2,15530
2308,5,5,345,25.5,18654
2308,4,5,410,27.3,19214
2309,5,3,348,17.3,15604
2309,4,5,355,25.9,17657
2310,5,5,347,25.0,18687
2310,5,4,352,17.0,15691
2310,5,5,432,27.3,18176
2310,4,5,357,26.6,17766
2311,5,6,345,25.1,17532
2311,5,6,420,23.5,17838
2311,4,5,409,23.4,17223
2312,5,4,433,23.8,18351
2312,5,5,433,27.2,18152
2312,6,6,402,23.2,16097
2312,5,3,347,17.9,15633
2313,5,5,387,20.5,15406
2313,5,6,437,21.8,18432
2314,5,7,422,24.5,17948
2314,5,4,349,25.2,18665
2316,5,5,389,22.4,17208
2316,4,4,403,24.6,17955
2318,5,5,378,21.0,16844
2318,5,5,412,23.5,17027
2319,4,3,364,17.3,15483
2319,3,5,411,25.0,18140
2319,5,4,348,17.1,15595
2320,4,6,417,23.2,16990
2320,4,4,367,21.7,15377
2320,5,6,399,23.9,16059
2321,4,4,363,20.6,15462
2321,4,7,384,29.4,18469
2321,5,5,415,23.3,16924
2321,5,7,417,23.8,18139
2321,4,4,368,20.7,15602
2323,4,4,468,22.7,18889
2323,4,5,414,23.2,17066
2323,5,7,429,24.5,18507
2324,4,5,468,22.0,18853
2325,4,6,470,23.1,18746
2326,3,5,437,25.4,17554
2327,5,6,381,21.8,17133
2327,5,6,419,24.2,18046
2327,4,5,409,23.3,17020
2327,4,5,364,20.5,15504
2328,5,5,414,23.2,17088
2328,3,5,411,23.1,16880
2328,4,5,407,24.4,18144
2328,4,6,403,24.0,15838
2328,5,6,407,26.9,19363
2329,4,3,362,16.7,15453
2329,5,5,388,21.4,17291
2329,4,5,391,21.7,16976
2330,5,5,492,23.7,17849
2331,4,4,358,21.0,15371
2331,3,5,371,20.9,15977
2333,4,5,433,23.9,18260
2334,5,5,379,24.0,18039
2334,5,7,381,29.2,18472
2334,3,5,405,24.3,18235
2335,4,5,377,20.8,16076
2335,5,5,385,21.2,16848
2336,4,5,394,22.1,16905
2336,5,6,409,28.1,19283
2338,5,7,380,29.9,18615
2338,5,6,413,27.4,19236
2338,5,7,430,24.0,18433
2338,5,6,378,29.2,18472
2339,6,7,488,22.9,17773
2339,5,6,382,22.7,16567
2339,5,5,382,22.4,16844
2340,5,6,413,27.8,19275
2340,4,4,425,25.1,18072
2340,3,5,467,21.8,18785
2340,4,4,408,25.1,18095
2341,4,4,374,25.7,16106
2341,5,7,436,26.6,17594
2341,4,4,375,21.0,16001
2342,4,5,391,21.6,17037
2342,4,6,375,26.5,16277
2342,4,4,377,22.5,16289
2342,5,7,379,29.0,18520
2343,2,5,367,23.8,15681
2343,5,5,380,21.7,16915
2345,4,5,407,23.8,16999
2345,4,6,383,23.3,16804
2346,2,4,366,23.7,15658
2346,5,7,426,24.1,16749
2346,5,6,382,22.8,16762
2348,5,6,333,24.5,18700
2348,3,4,374,24.3,15480
2348,5,4,389,22.4,17370
2348,6,7,498,27.2,18738
2349,5,6,382,21.6,16970
2349,5,5,432,24.9,17989
2349,5,4,386,23.2,17309
2350,4,5,463,20.8,18834
2350,5,5,378,21.7,16806
2350,3,6,366,23.9,15718
2350,4,5,401,24.5,15777
2351,4,5,458,20.6,19230
2351,5,5,401,23.9,15899
2351,5,5,380,23.9,18136
2352,5,6,491,23.5,17707
2353,3,5,369,24.3,15596
2353,5,6,386,22.8,16815
2354,5,6,335,23.2,18662
2354,5,5,373,25.5,16229
2355,5,5,414,23.5,16107
2355,6,5,411,27.8,18018
2356,5,7,493,26.4,18919
2356,4,6,461,21.3,19171
2356,5,5,432,24.9,17985
2357,5,5,379,23.5,18288
2357,4,5,395,22.1,16934
2357,4,5,371,21.3,16088
2358,5,6,482,23.8,18028
2358,6,5,429,27.5,17367
2359,5,6,414,21.4,17389
2359,4,4,379,20.6,15847
2359,4,4,462,21.4,19063
2360,4,5,465,21.0,19013
2360,5,5,396,23.8,16076
2361,6,6,428,26.4,17646
2361,6,4,433,24.7,18013
2362,5,6,429,26.3,17444
2363,4,5,374,21.5,16353
2363,5,6,430,26.6,17507
2363,5,5,412,27.4,19350
2363,4,5,416,23.1,16207
2363,4,5,492,23.1,17679
2363,4,7,492,23.8,17794
2363,6,6,415,27.1,18010
2364,4,4,378,21.1,16214
2364,6,6,423,26.3,20072
2364,5,6,423,27.6,20284
2365,6,6,433,26.4,20119
2365,6,6,414,23.7,16235
2365,5,6,426,24.2,16583
2365,6,6,429,27.3,20113
2366,6,6,413,23.1,16065
2366,5,6,385,22.6,16711
2367,6,7,384,21.7,16873
2367,5,5,428,24.2,16520
2368,5,4,378,23.0,18265
2368,6,6,326,23.7,18554
2369,5,6,420,22.7,18177
2370,4,7,433,26.9,17457
2370,3,3,405,20.5,14366
2370,4,5,462,21.5,19169
2370,5,5,433,27.0,20128
2372,4,5,386,23.4,15940
2373,5,5,378,23.4,18379
2374,5,5,493,22.9,17778
2374,6,4,410,19.0,17286
2375,6,8,479,33.3,20781
2375,5,6,333,23.7,18669
2375,4,7,331,24.8,18462
2376,5,5,409,19.2,17523
2377,6,7,431,27.9,20218
2377,3,6,439,25.0,17011
2378,4,4,413,23.4,16203
2378,6,6,412,27.6,18052
2378,3,5,453,20.2,16807
2378,5,4,385,24.4,15931
2379,6,5,421,25.6,18924
2380,5,7,476,33.8,20929
2381,5,6,437,25.6,17427
2381,5,6,414,23.3,18009
2381,6,4,406,23.2,18016
2382,5,5,384,24.1,15863
2382,4,7,445,25.1,16646
2383,6,5,487,23.8,17820
2383,5,5,404,22.8,17896
2384,6,5,429,25.7,18130
2384,5,6,404,20.0,17247
2384,4,5,450,20.0,16568
2384,6,8,477,33.2,20908
2385,5,5,411,22.6,17997
2386,5,6,454,28.2,20288
2387,4,6,448,23.6,18144
2387,4,3,369,15.9,14990
2387,4,4,386,21.1,15950
2388,5,5,409,19.2,17498
2388,6,8,476,32.4,20931
2389,4,5,429,24.8,16587
2390,4,4,411,20.2,14438
2390,4,5,382,24.0,15952
2391,5,6,381,23.8,15792
2392,5,6,386,24.1,15771
2392,5,7,434,26.8,17564
2392,6,5,437,22.7,18867
2393,5,5,406,23.1,17996
2394,5,5,413,23.0,18005
2394,5,5,425,24.5,16625
2395,6,7,457,28.1,20264
2395,5,5,391,22.9,17353
2395,4,4,407,20.4,14524
2396,6,4,424,24.8,18994
2396,5,5,390,23.5,17342
2396,6,6,415,21.8,17460
2396,5,5,375,25.5,16716
2396,5,6,388,23.2,17300
2396,6,8,477,32.5,21005
2397,5,7,537,24.8,19177
2397,6,4,406,22.5,17949
2398,4,5,417,22.5,17487
2398,6,8,531,24.5,19055
2398,6,5,389,22.8,17210
2399,5,6,413,21.7,17473
2399,6,4,436,23.1,18913
2399,6,4,402,19.4,17123
2400,5,6,413,21.5,17294
2400,5,4,450,21.4,15861
2400,4,5,333,24.7,16018
2401,4,6,368,23.7,17542
2401,4,5,375,24.3,16166
2402,5,5,408,23.1,18132
2402,5,6,327,23.9,18642
2402,6,6,457,28.0,20154
2403,5,5,420,25.0,18853
2403,5,5,410,19.5,17574
2403,6,6,457,29.4,20209
2403,5,7,442,26.3,17206
2404,4,6,422,26.0,17271
2404,4,5,421,24.9,19045
2404,6,7,427,27.5,19994
2404,4,5,408,20.3,14654
2404,4,5,453,20.0,16650
2405,5,4,446,20.9,16002
2406,3,5,453,24.0,18214
2406,5,5,414,21.7,17356
2406,4,5,451,20.4,16794
2406,4,4,447,21.1,15885
2406,4,6,440,24.7,16779
2407,3,5,446,23.3,18025
2407,5,5,407,20.2,17044
2408,4,3,421,20.1,16751
2408,4,6,490,25.3,19729
2408,4,5,453,24.0,18219
2408,4,8,539,24.6,19097
2408,4,5,450,24.1,18176
2409,3,6,420,22.5,17405
2409,3,3,436,22.0,15450
2409,5,7,489,23.4,19514
2409,4,7,367,24.6,17494
2410,4,6,441,24.6,16793
2411,6,5,392,24.1,21076
2411,4,4,418,20.5,16912
2411,5,3,382,19.0,14079
2411,5,6,487,24.6,17945
2412,5,5,406,23.5,17971
2412,4,4,440,20.6,15826
2413,6,5,432,22.2,15776
2414,4,6,487,24.7,19558
2414,5,6,410,21.9,17393
2415,3,5,436,24.1,16717
2416,4,5,416,24.7,18750
2416,5,7,535,26.0,19034
2416,4,5,380,25.1,15893
2417,5,7,542,26.2,18853
2417,4,5,452,21.0,16863
2417,5,4,388,21.3,16186
2417,5,4,406,19.7,17173
2419,4,6,446,24.4,16711
2419,5,5,373,24.7,16833
2419,5,5,402,19.9,17104
2420,5,5,389,22.4,17254
2421,5,7,407,25.1,15823
2422,5,6,528,24.2,18933
2422,5,5,450,23.5,16806
2422,5,5,376,24.8,16721
2422,5,5,400,19.5,17124
2423,5,6,485,24.9,17924
2423,3,3,447,20.8,15829
2423,4,6,453,20.1,16653
2424,5,6,537,24.9,19272
2426,6,6,414,21.5,17767
2426,5,4,388,21.5,16273
2427,6,6,394,24.6,21118
2427,4,6,408,21.4,17518
2428,5,7,534,25.2,19010
2428,4,7,437,24.8,16654
2430,4,4,421,20.0,16868
2431,3,3,438,22.7,15456
2431,5,4,387,21.3,16174
2431,4,5,420,21.8,17511
2431,4,4,434,22.5,15453
2432,5,5,452,23.9,16921
2432,5,7,536,25.4,19011
2432,6,4,345,25.9,17064
2432,4,5,422,21.6,17646
2433,6,4,402,22.0,18158
2433,6,5,451,23.6,16884
2433,5,5,384,21.7,16220
2433,5,7,536,24.7,19018
2434,5,6,488,24.7,19629
2434,4,5,401,21.8,18192
2434,4,5,424,24.5,18806
2435,4,4,380,18.3,13960
2436,5,6,479,25.4,17861
2437,3,3,432,22.8,15696
2437,5,4,347,25.1,17296
2438,5,4,378,18.5,14092
2439,5,5,384,20.6,17743
2439,6,7,494,26.6,19371
2440,6,5,352,25.4,17073
2440,4,5,417,21.8,17496
2441,6,5,386,23.1,16879
2442,6,6,394,24.3,21035
2442,3,6,438,23.4,16589
2442,5,7,530,25.9,19005
2442,6,6,441,27.9,19732
2443,5,5,428,22.3,15936
2444,5,4,389,20.4,17804
2444,6,6,487,24.7,19666
2444,4,4,430,22.6,15468
2444,5,5,401,20.1,17048
2444,6,6,461,24.7,18319
2445,6,6,390,24.5,21168
2445,6,6,396,24.6,21125
2445,5,5,474,22.7,18552
2445,4,5,435,23.4,16868
2446,4,6,426,25.2,17328
2447,6,6,487,25.6,19540
2447,6,6,437,27.2,19721
2448,4,5,436,21.9,15411
2448,5,5,396,21.5,18109
2449,6,6,428,22.7,16010
2449,6,5,456,23.8,16793
2450,4,5,388,19.5,17879
2450,6,5,428,23.7,19168
2451,6,7,488,27.2,19250
2451,4,5,438,23.9,16678
2451,5,5,432,24.6,19070
2451,6,5,457,23.3,18074
2453,4,5,452,23.6,18018
2455,4,5,434,23.4,16717
2455,5,5,401,22.1,18166
2455,5,6,412,24.7,15901
2456,4,5,490,25.3,19680
2456,5,6,465,24.4,18518
2457,6,6,396,25.1,20770
2457,6,5,432,23.4,18997
2457,6,6,399,24.7,19014
2458,5,6,485,24.2,19616
2458,5,5,514,24.5,18884
2458,5,5,454,23.4,18156
2459,5,6,512,25.3,18908
2459,5,5,444,24.9,18626
2459,5,5,390,22.2,16885
2459,6,5,430,24.3,19023
2459,5,6,473,26.4,18456
2459,5,8,348,28.1,18836
2459,5,6,460,24.3,18262
2460,6,6,443,28.8,19616
2460,5,5,391,21.6,16048
2460,5,5,428,21.4,17798
2461,6,3,431,21.7,17709
2463,4,4,429,22.4,15428
2463,3,4,436,22.8,15480
2464,6,6,401,25.5,19105
2464,3,4,418,19.7,16807
2466,5,4,389,20.4,17845
2466,6,5,440,25.1,18352
2467,5,4,375,24.9,16811
2468,6,6,439,27.6,19719
2468,4,5,433,24.4,16862
2468,5,8,467,27.2,18339
2468,4,5,424,22.4,16437
2469,5,5,349,25.9,17179
2469,5,5,505,24.9,18750
2469,5,5,433,26.0,17851
2469,6,6,399,24.9,19073
2469,5,5,429,24.0,19142
2470,6,7,491,26.9,19508
2471,6,6,434,27.6,19659
2473,5,5,507,25.4,18747
2473,4,5,419,22.0,17610
2473,6,5,437,28.4,19789
2473,5,6,482,22.3,17268
2473,5,4,429,22.4,16392
2474,5,5,433,26.0,17858
2474,5,8,463,25.9,18371
2474,5,4,397,22.0,18350
2475,4,6,480,21.7,17281
2475,5,4,425,21.4,17686
2475,6,3,425,21.2,17649
2475,4,4,391,19.9,17549
2475,5,4,419,22.6,16695
2476,6,3,420,22.4,16576
2476,5,6,433,25.5,18502
2476,5,7,353,28.1,18810
2477,5,5,513,24.3,18599
2477,5,4,429,21.2,17676
2478,6,5,391,25.0,20902
2478,5,6,476,21.9,17359
2478,4,5,424,23.6,19249
2478,5,6,484,22.2,17285
2478,4,6,420,26.3,18617
2479,6,7,493,26.0,19491
2481,5,6,477,22.5,17350
2481,5,5,473,22.4,18507
2482,5,6,463,24.9,18334
2482,5,5,434,25.6,17932
2482,4,6,470,24.6,18571
2482,6,4,420,20.7,17612
2483,5,8,472,26.9,18490
2483,6,5,476,22.4,17416
2484,6,7,498,27.6,19685
2484,5,7,467,26.3,18402
2484,5,5,441,23.5,17270
2486,5,6,480,23.0,17157
2486,5,5,514,24.3,18872
2486,5,3,425,21.8,17698
2486,5,4,422,22.3,16538
2487,6,5,448,24.8,17145
2488,5,5,435,24.7,19205
2489,5,5,509,24.8,18739
2489,5,6,513,22.0,17356
2489,5,5,434,26.7,17946
2491,5,6,475,22.1,17332
2491,6,7,468,26.4,18500
2492,6,5,475,21.5,18486
2493,5,7,420,26.9,18522
2493,6,5,435,26.2,17862
2494,5,5,405,21.5,18572
2494,5,6,438,25.1,18437
2494,5,5,444,24.4,17064
2495,4,6,479,22.7,17544
2496,5,5,425,24.3,19275
2496,5,7,444,26.1,18740
2496,5,6,399,24.8,19022
2497,4,5,460,24.1,18290
2498,5,5,465,26.2,17770
2499,6,6,507,25.2,18878
2500,5,5,512,24.7,18695
2500,5,4,348,26.4,17129
2500,5,6,430,25.9,17964
2500,5,5,432,25.7,17953
2500,5,4,423,21.9,17692
2501,5,6,468,26.6,18489
2502,5,5,469,22.3,18596
2502,5,4,472,22.3,18479
2503,4,4,444,24.3,16967
2503,4,5,401,21.9,18931
2503,3,5,460,24.0,18183
2504,6,5,465,22.3,18487
2504,5,5,507,24.7,18355
2504,4,3,420,22.7,16500
2505,5,6,312,20.3,15679
2505,5,5,317,20.5,15639
2506,5,5,404,21.5,18643
2508,6,5,433,25.7,17889
2508,5,7,426,27.4,18313
2508,5,6,464,25.3,18470
2510,6,4,317,20.7,15781
2511,5,5,311,20.2,15459
2511,5,5,449,24.3,17038
2511,5,6,444,26.5,18461
2512,5,6,441,25.8,17994
2513,6,7,501,31.1,21297
2514,5,5,436,24.9,18158
2516,5,6,498,31.5,21158
2516,5,6,442,27.6,18692
2516,5,5,503,24.6,18641
2517,5,6,419,26.5,18519
2517,5,4,403,22.3,18672
2518,5,5,503,22.9,17377
2518,5,7,500,31.5,21292
2519,4,4,436,26.5,17967
2520,5,5,404,22.1,18366
2520,5,6,479,27.4,20360
2520,5,6,416,26.2,18695
2521,5,5,428,25.7,18094
2521,5,5,505,22.4,17321
2521,5,5,432,26.1,17913
2521,6,5,438,24.6,17082
2522,5,5,501,22.2,17113
2522,5,7,440,24.6,18471
2523,5,7,417,26.9,18646
2526,6,6,424,27.9,20525
2526,5,5,314,20.5,15549
2526,4,5,437,23.7,17843
2527,4,4,461,24.4,18322
2527,6,5,421,27.0,18562
2527,5,5,435,25.6,17958
2528,6,6,453,22.2,18528
2528,6,6,439,25.9,18587
2529,5,5,437,25.4,18090
2529,4,6,431,26.0,17916
2531,5,7,501,32.1,21189
2531,4,5,505,23.5,17551
2532,5,4,316,20.4,15518
2533,4,5,435,22.4,17812
2534,5,7,428,28.0,20485
2535,6,6,456,22.5,18352
2536,5,7,469,30.4,20626
2537,4,6,490,30.7,21396
2537,6,6,441,27.0,19733
2537,6,6,455,22.6,18075
2538,5,6,413,23.0,17915
2538,6,6,441,26.5,18470
2538,6,7,414,28.6,17010
2538,6,5,484,24.2,19478
2538,5,5,483,20.9,18757
2539,6,6,477,25.2,21545
2541,5,7,500,31.4,21183
2541,5,5,343,24.0,17622
2541,5,6,474,31.0,20631
2542,6,7,482,27.9,20498
2542,6,7,463,28.2,20470
2542,5,5,476,30.3,18886
2542,5,5,350,24.1,17715
2543,6,5,504,22.4,17411
2543,6,6,438,27.2,18510
2543,6,7,456,23.0,18451
2545,6,6,449,27.6,19541
2545,6,5,475,25.1,21461
2545,6,6,485,27.6,20331
2546,6,6,446,27.7,19715
2546,5,7,492,31.9,21122
2546,5,5,441,22.3,17942
2546,6,7,450,25.5,19582
2546,6,4,420,21.0,16481
2547,6,7,424,27.6,20529
2547,5,5,348,23.6,17684
2547,5,5,350,23.6,17583
2547,6,6,473,25.8,21614
2547,6,6,440,27.4,19631
2548,6,7,459,27.9,20445
2548,5,4,448,22.2,17470
2548,6,7,422,26.8,20531
2548,5,6,451,24.9,19524
2548,4,5,438,23.0,17867
2549,5,5,438,26.0,18042
2549,5,5,485,21.3,18824
2549,5,6,446,25.5,19536
2549,6,6,461,22.8,18343
2550,5,6,313,20.2,15543
2551,5,5,344,23.8,17548
2551,4,7,409,24.5,19634
2551,6,8,422,27.1,20648
2552,6,7,461,28.5,20436
2552,5,4,486,22.9,19585
2552,5,6,452,25.0,19740
2552,4,6,410,23.6,17745
2553,6,6,427,28.2,20576
2553,4,5,486,21.2,18787
2553,5,6,451,24.6,19313
2553,6,8,463,28.3,20272
2553,5,7,492,32.0,21190
2553,5,7,417,23.5,18104
2553,4,6,410,25.9,19510
2553,6,7,505,28.3,20155
2554,6,6,458,24.4,19606
2554,6,6,476,27.9,20301
2555,6,6,442,27.0,19639
2555,5,6,412,23.1,17871
2556,6,7,411,28.0,17049
2556,5,6,440,24.2,18562
2557,5,8,412,28.0,16954
2557,5,5,478,27.7,20453
2558,6,5,310,20.2,15437
2558,6,5,438,26.9,19662
2559,5,5,481,22.8,19696
2559,6,7,467,27.9,20383
2559,5,6,454,24.6,19646
2559,6,6,482,27.5,20353
2560,5,6,479,29.7,18786
2561,6,6,475,29.3,18740
2561,6,6,482,27.9,20382
2561,5,6,415,26.4,18056
2562,5,6,469,27.7,19191
2562,6,6,437,27.1,19594
2562,6,6,440,26.5,19548
2562,5,5,349,24.5,17668
2562,5,5,441,23.2,17916
2563,5,6,461,28.0,18062
2563,5,5,487,21.2,18748
2563,6,5,442,26.8,19586
2564,5,3,401,21.0,17446
2565,5,6,481,21.2,19039
2565,5,4,417,21.2,16446
2565,6,6,458,24.1,19384
2565,5,8,407,27.7,17154
2566,4,7,493,27.1,19880
2566,6,7,410,27.4,19731
2568,5,5,414,22.5,17281
2568,5,5,466,28.9,18035
2568,5,6,457,22.4,18249
2568,5,6,434,24.2,18672
2569,5,5,460,27.2,18131
2569,4,6,478,29.8,18755
2569,4,6,453,24.0,18098
2570,5,6,482,28.3,20372
2570,5,4,404,21.9,17309
2570,5,7,498,26.6,20006
2570,5,7,440,24.6,18521
2572,5,5,484,23.3,19496
2572,5,3,420,20.8,16487
2572,5,6,441,25.8,19540
2573,5,7,471,26.9,19295
2574,5,6,404,25.2,19526
2574,6,6,467,27.7,19267
2574,5,5,445,23.2,17500
2575,5,6,465,28.2,18134
2575,5,7,404,28.1,17010
2575,4,6,499,26.8,19979
2575,5,4,443,23.4,17578
2576,6,7,496,29.0,20000
2577,5,7,408,28.0,19700
2577,5,6,463,28.7,17912
2578,5,6,430,23.5,18790
2578,6,6,483,20.7,18718
2579,6,7,503,29.7,20040
2579,5,5,484,23.8,19576
2579,5,6,435,24.4,18778
2580,6,7,408,27.9,19791
2581,5,6,418,26.3,18093
2581,6,6,418,25.5,18065
2581,5,6,467,28.5,19103
2581,5,7,409,28.1,19657
2582,5,5,484,23.7,19641
2582,5,6,454,24.5,18063
2583,5,7,499,31.5,21457
2584,5,6,450,23.8,18205
2584,5,6,478,22.8,19599
2584,5,6,471,29.0,17948
2585,5,5,408,21.1,17668
2586,6,7,428,29.7,18283
2587,5,3,314,21.4,16399
2588,4,8,411,28.0,19763
2588,5,5,401,21.8,17302
2588,4,3,311,21.7,16446
2590,5,6,409,24.3,18961
2592,5,6,465,27.9,18012
2593,4,6,463,28.2,18056
2593,4,6,416,25.9,17841
2594,5,6,409,25.3,19582
2594,5,6,413,26.9,19609
2594,6,6,502,25.3,18761
2594,5,6,457,24.6,19312
2594,4,4,405,21.2,17638
2595,4,6,400,24.6,19579
2596,6,6,457,25.1,19279
2597,6,5,409,21.7,17656
2598,6,6,514,29.7,20765
2598,6,6,417,26.0,18023
2598,6,3,386,18.8,17200
2599,4,5,416,26.2,18199
2600,5,7,432,29.3,18160
2601,5,6,500,26.1,20180
2601,5,4,434,22.2,17274
2601,5,4,460,18.9,18623
2601,5,7,497,26.8,20048
2601,6,6,410,24.2,18992
2601,5,6,509,25.0,18998
2602,4,3,430,22.0,17270
2602,6,7,460,25.3,19297
2603,5,5,409,21.0,17642
2604,6,7,460,30.2,19985
2605,5,6,409,24.4,18873
2605,5,6,506,24.4,18748
2606,5,4,430,21.4,17042
2607,4,7,406,23.5,18801
2607,5,7,433,28.4,18017
2608,4,3,308,21.4,16429
2608,6,7,497,26.7,20001
2608,4,5,408,21.4,17637
2609,5,6,506,24.8,18731
2610,5,6,452,26.5,17354
2611,5,7,428,29.4,18239
2612,4,5,362,24.9,18382
2613,5,4,428,22.0,17146
2614,6,4,386,19.5,17008
2614,5,4,520,23.8,20621
2616,5,4,387,20.0,17048
2617,6,4,432,21.5,17707
2617,5,5,418,22.3,17878
2618,5,7,475,24.8,21345
2619,6,5,515,24.4,20347
2620,6,6,477,28.3,22953
2620,4,6,411,25.3,19523
2621,5,6,452,26.4,17578
2621,4,6,503,24.6,18555
2622,5,4,411,21.3,16601
2622,5,4,459,18.7,18679
2622,6,5,430,21.3,17798
2622,4,5,551,22.3,19288
2623,6,6,465,23.4,20114
2624,6,6,409,25.3,18953
2624,4,6,455,26.2,17362
2624,6,4,382,20.1,16955
2625,5,4,461,23.1,18313
2625,5,6,451,26.1,17362
2625,6,3,411,20.8,16812
2625,5,5,414,22.3,17827
2625,6,5,512,30.5,20632
2627,4,5,452,21.2,16429
2628,4,3,412,20.6,16769
2628,5,5,427,26.3,18966
2628,6,8,479,28.9,22817
2628,5,4,427,26.9,18981
2629,4,5,375,24.9,17189
2630,5,4,458,18.5,18706
2630,6,6,458,24.1,20426
2630,4,5,548,23.0,19245
2632,5,5,419,22.8,17836
2633,4,5,375,23.8,17076
2633,5,5,516,23.4,20643
2634,6,7,461,23.7,20267
2634,4,5,452,26.7,17274
2634,5,6,501,24.7,18821
2634,6,3,391,19.6,17086
2634,5,7,353,24.9,18392
2635,5,6,468,30.5,20183
2635,6,4,463,19.0,18679
2635,5,6,356,24.7,18249
2636,4,5,374,24.1,17222
2637,6,6,465,24.9,20493
2637,3,5,372,24.1,17299
2637,6,5,472,23.3,18172
2637,6,6,494,24.2,19843
2637,6,7,465,30.6,20192
2638,6,6,433,31.8,21649
2639,5,5,551,23.0,19244
2639,5,5,444,25.5,19128
2640,5,5,449,21.2,16661
2640,6,7,493,24.8,19046
2640,6,7,462,31.3,20344
2641,6,5,427,21.9,17791
2641,6,6,514,29.8,20850
2641,5,7,537,28.8,20985
2642,6,7,412,27.7,19547
2642,6,7,434,31.4,21784
2642,5,7,466,25.3,20341
2643,4,5,448,20.9,16539
2643,6,7,454,26.4,17430
2643,6,4,518,23.7,20531
2643,5,4,413,21.2,16667
2645,5,5,467,23.8,18223
2645,5,5,413,21.4,16613
2645,5,5,414,23.1,17214
2646,5,7,430,31.2,21955
2646,6,6,489,25.2,19806
2646,5,4,512,23.1,20727
2646,5,6,459,25.9,18130
2646,6,6,511,24.9,19083
2646,4,5,375,23.7,17336
2646,5,5,419,23.4,17971
2646,6,6,509,29.3,20879
2646,6,6,511,24.9,19053
2646,5,7,463,25.3,20150
2647,5,4,418,21.4,16598
2648,6,7,463,23.4,20289
2648,5,6,430,27.0,17523
2649,4,5,377,25.3,17147
2650,6,7,480,29.0,22838
2650,5,7,454,25.9,18686
2650,5,6,538,28.5,21327
2650,6,6,459,23.0,20158
2650,6,7,475,29.1,22934
2651,6,6,461,23.7,20241
2651,4,7,407,25.2,18909
2652,6,7,468,25.6,21327
2652,6,6,515,30.1,20962
2652,6,7,460,25.4,21465
2653,5,5,435,29.0,19983
2653,6,5,461,23.3,20282
2654,6,7,483,25.2,18997
2654,6,8,480,28.8,22932
2655,5,6,464,24.3,20486
2655,5,5,510,22.6,20762
2655,6,7,490,30.0,21191
2656,6,6,455,26.5,18640
2656,5,6,443,25.5,19006
2656,5,5,429,29.6,20028
2657,5,7,441,28.4,20202
2657,4,5,426,25.5,18913
2658,3,5,444,21.0,16452
2658,6,6,479,28.8,22926
2658,6,5,513,24.8,18997
2658,5,5,419,22.6,17877
2658,5,6,434,28.6,20081
2659,6,7,490,29.3,21194
2659,6,7,461,23.1,20062
2660,6,6,436,28.2,20021
2660,6,6,496,24.6,19048
2660,4,4,449,21.6,16564
2661,5,6,432,28.0,20167
2661,5,6,435,26.2,17706
2662,6,6,509,24.9,18995
2663,5,5,414,21.3,16766
2664,5,7,536,29.1,21101
2664,5,6,440,26.1,19154
2665,5,6,437,26.8,17604
2667,4,6,428,27.9,20145
2667,6,6,465,24.0,20080
2668,5,8,490,27.7,20133
2668,4,4,417,22.5,17947
2669,5,6,458,26.0,18097
2670,5,6,430,31.2,21730
2671,5,5,458,23.3,18115
2671,4,7,439,25.6,19080
2673,5,6,532,28.8,20865
2673,5,8,531,29.2,20835
2673,5,6,492,24.7,19020
2673,5,6,381,25.3,19314
2674,5,4,419,17.9,17777
2674,5,4,418,18.0,17872
2675,4,5,421,18.3,17758
2675,6,5,433,26.2,18197
2675,5,5,463,23.6,19363
2675,4,4,422,25.5,19760
2676,5,6,485,25.3,19100
2676,6,7,472,25.8,20978
2677,4,6,372,23.6,17177
2678,5,4,417,24.6,19629
2679,5,7,535,27.6,20936
2680,6,6,378,25.7,19613
2680,5,7,452,28.3,20855
2680,6,6,385,25.5,19622
2682,5,7,430,31.1,21858
2682,5,7,533,28.2,20985
2683,5,4,414,20.3,16832
2684,6,6,510,30.4,20907
2685,4,6,461,23.3,19309
2686,6,6,511,25.5,20604
2686,5,7,446,28.2,20910
2687,5,6,462,24.5,17672
2687,5,5,460,23.0,18193
2688,6,6,438,31.0,21854
2688,6,7,509,29.3,20928
2688,6,6,382,25.0,19833
2688,6,5,421,29.3,18781
2690,4,5,425,23.6,18585
2690,5,6,482,24.9,19135
2690,4,4,420,17.8,17934
2690,5,6,462,23.7,19386
2690,6,6,512,26.2,20685
2690,5,4,409,22.8,17283
2691,5,5,410,23.4,17312
2691,5,5,417,17.8,17918
2691,6,6,487,30.9,19394
2691,6,6,388,23.8,18601
2691,6,7,487,29.3,21203
2692,6,6,437,24.6,19875
2692,5,7,534,28.7,21132
2692,5,7,535,27.7,21062
2692,5,6,388,23.8,18576
2693,5,4,419,17.9,17796
2694,5,7,462,28.3,20738
2695,6,5,414,20.0,17583
2695,6,7,510,25.3,20821
2695,6,6,513,29.4,21050
2695,5,6,457,23.1,18137
2695,5,6,515,26.5,20904
2696,5,6,422,26.0,19682
2697,5,5,413,19.6,17820
2697,5,7,449,28.3,20938
2697,5,5,417,25.6,19725
2697,6,4,417,17.6,17873
2698,6,7,493,27.9,20052
2699,6,7,501,29.7,19700
2699,5,7,440,26.2,17723
2699,5,4,423,17.2,17730
2700,4,7,453,28.0,21043
2700,5,4,406,23.3,17407
2700,5,6,371,24.1,17220
2700,5,7,450,28.3,20788
2700,5,5,460,22.4,18008
2700,6,7,514,26.3,21049
2701,5,5,420,25.2,19728
2701,6,7,513,25.5,20891
2703,5,3,425,17.9,18000
2703,6,5,414,18.5,17643
2704,5,7,519,26.1,20941
2704,6,6,512,25.3,20822
2705,5,6,462,24.7,17623
2705,5,4,409,23.4,17273
2706,5,7,515,25.9,21091
2706,4,6,459,23.9,19492
2707,6,5,414,19.5,17738
2707,6,7,512,28.0,19289
2707,5,5,410,23.7,17222
2707,6,6,437,24.7,19911
2707,6,6,437,24.2,19813
2708,6,5,511,25.8,20640
2708,6,6,459,23.3,17605
2710,5,6,459,22.4,19337
2711,6,6,429,25.7,18370
2712,6,6,497,29.9,19827
2712,6,7,517,29.4,21069
2712,5,6,417,29.4,18954
2712,6,4,423,18.0,17843
2713,5,5,410,23.1,17331
2714,6,5,452,26.9,19537
2714,6,6,515,27.4,19469
2714,6,6,514,27.1,19263
2714,5,4,418,19.6,17808
2714,5,7,497,29.8,19655
2714,5,6,464,25.2,17600
2714,6,6,432,25.5,18373
2715,5,7,503,29.9,19731
2715,6,8,483,30.4,19600
2716,6,5,509,26.9,19514
2716,6,7,510,26.3,20815
2717,6,6,512,26.1,20758
2717,5,4,424,24.5,18770
2717,5,5,407,23.9,17411
2717,5,5,442,29.0,19314
2718,5,5,437,23.9,18288
2718,6,6,456,25.0,19477
2719,6,5,511,26.6,19261
2719,6,7,486,30.6,19475
2720,6,6,518,27.1,19267
2720,6,5,437,24.3,18225
2720,6,6,440,28.9,19491
2720,4,5,374,25.2,17171
2720,5,5,372,24.4,17135
2721,6,6,371,24.5,16929
2721,5,6,402,25.2,18737
2721,6,7,438,28.3,19346
2722,5,7,458,22.7,19539
2722,6,7,487,30.4,19422
2723,6,6,452,24.4,19351
2723,4,5,452,27.3,19509
2723,6,7,495,28.3,20090
2724,6,6,441,28.1,19289
2724,6,6,421,29.4,18813
2724,5,5,402,23.7,18751
2724,5,5,416,24.6,19548
2726,6,5,437,23.9,18196
2726,6,6,515,26.8,19232
2727,6,6,512,26.0,20671
2727,6,8,508,30.5,20813
2728,5,5,429,23.3,16656
2731,5,5,425,23.7,18556
2732,5,6,453,24.6,19307
2732,4,8,482,30.1,18889
2732,5,5,432,22.7,16545
2734,5,7,488,30.2,19370
2735,6,7,513,27.5,19249
2735,6,5,513,26.0,20620
2735,5,5,399,24.5,18632
2736,4,5,453,26.7,19574
2736,5,7,493,26.1,19903
2736,6,6,488,29.8,21262
2737,6,6,456,24.8,19461
2739,5,5,452,26.9,19648
2739,5,4,423,23.0,18577
2740,5,6,456,28.6,19092
2742,6,7,508,31.3,21718
2742,5,5,426,22.9,18555
2743,4,6,494,26.1,19705
2743,5,5,430,23.5,16701
2744,5,5,430,24.0,16834
2744,5,3,366,22.4,18564
2745,5,6,464,28.7,19037
2745,5,5,432,23.2,16837
2745,5,6,460,29.1,19095
2746,6,6,441,28.5,19290
2746,5,6,426,22.7,16651
2746,5,6,433,23.3,17591
2747,5,6,456,28.7,19071
2747,5,6,437,24.4,17505
2747,6,8,463,27.3,19032
2747,5,8,543,34.4,21258
2748,5,6,457,28.9,18957
2748,5,5,404,24.5,18600
2748,4,6,435,24.3,17615
2749,6,7,483,30.4,18831
2750,6,8,558,31.1,23004
2751,6,8,486,30.1,19367
2752,5,6,497,25.4,19822
2753,6,8,409,31.0,20288
2753,5,8,541,33.5,20807
2753,6,7,483,30.9,20454
2754,6,8,462,26.6,19368
2754,6,7,468,27.1,20836
2755,5,6,512,25.3,20207
2755,5,8,558,30.4,23086
2757,5,5,431,24.3,16818
2757,6,7,478,29.4,20365
2758,5,3,371,21.4,18564
2759,5,7,480,29.7,18843
2759,6,7,507,31.2,21892
2759,5,7,494,26.2,19556
2761,5,5,403,24.4,18753
2761,5,6,460,28.9,19108
2762,6,7,464,28.3,19260
2763,5,7,508,25.5,20192
2763,5,6,435,23.6,17587
2763,5,3,365,22.0,18524
2764,5,6,508,25.4,20000
2764,6,7,506,30.4,21736
2764,5,6,491,25.5,19712
2765,6,8,543,34.5,21073
2765,5,4,367,22.1,18542
2765,5,3,366,22.7,18430
2765,5,6,492,25.9,19627
2766,6,7,466,27.2,18952
2766,6,6,435,28.9,19334
2767,5,7,483,29.9,18765
2768,6,6,466,28.3,19325
2768,6,5,374,22.8,18702
2768,6,6,508,30.8,21785
2769,6,7,468,26.9,20896
2769,6,7,554,31.6,23170
2769,5,4,367,22.5,18622
2770,5,6,428,23.9,17572
2771,6,7,465,27.3,19079
2771,6,8,554,30.6,23131
2772,4,5,434,24.8,19937
2774,5,6,513,24.8,20204
2774,5,7,487,29.9,18903
2774,6,5,457,22.7,18249
2774,6,8,545,33.3,21098
2775,6,8,557,30.8,23121
2775,5,5,438,24.5,19966
2776,5,8,410,31.0,20276
2776,5,6,539,29.4,19744
2777,6,6,464,26.5,18909
2778,6,7,480,30.1,20472
2778,6,7,466,27.5,20831
2778,5,7,431,23.7,17588
2779,5,8,482,30.4,18652
2779,5,8,558,31.2,22962
2779,5,7,449,23.5,19938
2779,6,7,528,30.0,21389
2779,5,5,432,25.3,19754
2780,5,6,454,26.4,18580
2780,6,7,463,26.7,19169
2781,4,6,487,26.3,19674
2781,5,6,460,27.0,18779
2781,6,7,468,25.0,18669
2782,6,7,463,27.0,20780
2783,4,5,441,24.6,19820
2784,6,7,525,29.9,21411
2784,6,6,497,26.6,20561
2784,6,7,480,30.4,20494
2784,4,6,455,28.3,19141
2784,5,5,448,24.1,19941
2785,6,8,407,31.9,20475
2785,6,8,549,31.3,22824
2786,5,5,433,23.7,19893
2786,5,5,457,22.5,18183
2786,6,8,541,34.3,21039
2786,6,7,505,30.4,21885
2787,5,7,532,28.6,21299
2788,4,6,447,23.8,19847
2788,6,5,534,30.2,19747
2789,6,7,558,29.6,22710
2790,6,8,542,32.4,22629
2790,5,7,485,29.9,18941
2791,6,7,529,29.3,21420
2792,5,6,530,29.7,21383
2792,6,7,487,26.5,22113
2793,6,6,449,24.0,19909
2793,5,5,441,20.8,19188
2794,6,6,536,30.7,19754
2794,6,8,544,31.5,22864
2795,6,7,466,24.3,18289
2795,5,7,487,29.8,18883
2795,4,5,448,26.9,18171
2796,5,6,447,23.6,19961
2797,5,6,503,26.1,20659
2797,6,8,531,29.0,21418
2798,6,8,534,28.9,21301
2798,5,4,461,22.1,18204
2799,6,8,544,31.9,22874
2799,6,7,460,26.2,19188
2800,6,7,477,26.3,22198
2800,5,6,474,28.7,19991
2800,5,6,458,27.5,18668
2800,5,8,473,26.9,22336
2800,6,6,492,25.9,20536
2801,6,8,554,29.8,22640
2802,6,7,463,25.9,18972
2804,5,5,467,28.2,20443
2804,5,7,463,25.2,18587
2805,4,6,445,23.2,19920
2805,6,7,466,24.8,18501
2805,6,7,472,24.4,18615
2805,6,7,467,24.3,18347
2805,6,7,533,29.0,21397
2806,6,6,497,26.8,20503
2806,5,6,457,28.4,18694
2807,5,7,532,29.3,21417
2808,5,4,460,22.6,18080
2809,5,7,557,30.2,22551
2810,5,6,476,28.0,20073
2810,5,5,457,27.7,18761
2811,6,6,521,26.7,19931
2812,4,5,505,26.6,20444
2814,6,6,497,26.8,20378
2817,5,7,477,26.2,22173
2817,6,6,474,27.8,20152
2817,5,6,502,26.6,20466
2817,6,6,478,28.2,20121
2818,6,8,554,30.2,22607
2819,6,7,431,28.9,21186
2819,6,6,494,24.2,20424
2820,6,7,558,30.5,22549
2820,5,6,441,20.9,19198
2821,6,7,441,28.2,21112
2823,6,7,502,27.0,20441
2823,6,6,524,26.1,20039
2824,6,6,498,24.6,20400
2824,5,5,448,26.6,18262
2826,5,5,441,21.5,19129
2826,5,8,558,29.2,22686
2826,4,6,462,27.4,18727
2827,4,4,461,28.0,19169
2827,6,8,558,31.0,22607
2827,5,5,462,28.8,19209
2828,6,5,493,26.9,20658
2829,4,5,438,22.6,19132
2829,6,5,502,26.8,20610
2830,6,5,455,26.9,18225
2830,6,6,428,28.2,19177
2831,6,4,513,23.2,19587
2831,6,6,464,28.4,20695
2832,6,6,448,27.0,19887
2832,6,5,459,29.2,19291
2833,6,6,466,24.7,18768
2833,6,8,460,24.8,18398
2835,6,7,425,27.1,18995
2835,6,5,498,27.6,20376
2836,6,7,432,28.1,21136
2836,5,6,463,24.8,19974
2836,6,7,430,26.9,19138
2837,6,8,433,27.6,18589
2837,6,6,492,23.6,19856
2838,6,6,473,28.2,20200
2838,5,6,462,25.9,19928
2840,6,7,432,28.7,21402
2840,6,7,518,29.5,20805
2840,5,5,524,27.1,19890
2840,6,7,461,30.3,20941
2841,6,8,558,30.8,22648
2842,6,8,427,27.6,19390
2843,6,7,458,30.5,20946
2843,6,4,386,26.0,20254
2843,6,7,433,28.4,21280
2843,6,7,425,30.2,21325
2843,5,5,464,28.9,19209
2846,6,6,426,26.9,18737
2846,6,6,465,28.5,20826
2847,5,7,454,26.2,19757
2847,6,4,389,27.3,20417
2848,6,6,474,24.0,19609
2848,6,7,461,28.7,20818
2849,5,6,466,25.9,19761
2849,6,6,498,24.5,19990
2849,6,5,462,29.1,20773
2849,5,5,477,28.1,20263
2849,6,7,518,29.5,20695
2849,6,7,489,23.4,19823
2850,6,6,508,23.4,19752
2850,6,5,463,28.0,20802
2850,4,7,456,26.9,19810
2851,5,7,434,26.7,19095
2851,6,5,387,26.4,20394
2852,5,7,452,26.7,19763
2852,6,6,400,25.0,16343
2852,6,5,464,29.9,21033
2853,6,8,475,26.6,19252
2853,6,8,557,30.9,22671
2853,6,6,394,27.6,20327
2853,6,7,425,27.6,21167
2854,6,6,419,30.8,21213
2854,5,6,462,24.1,19942
2854,6,5,514,22.9,19885
2854,4,6,466,24.4,19809
2855,6,6,467,25.5,19665
2855,6,7,429,28.8,18607
2855,6,6,467,26.4,19659
2856,5,5,481,24.5,18710
2860,5,7,458,26.2,19839
2860,6,7,455,31.1,20873
2860,5,7,453,25.7,19578
2860,6,5,510,23.0,19715
2860,5,8,526,28.8,20787
2861,6,7,426,27.8,18505
2862,6,7,519,28.7,20749
2862,5,7,428,28.2,21171
2863,6,5,493,23.6,19646
2863,5,6,465,24.4,19927
2863,6,7,517,28.7,20817
2864,6,4,513,23.1,19848
2865,6,6,510,32.2,22174
2865,6,5,391,27.0,20440
2866,6,6,498,23.4,19636
2866,5,6,463,24.8,20022
2866,6,6,498,23.6,19856
2868,5,5,474,24.9,19669
2868,6,6,495,23.5,19791
2869,6,6,494,23.2,19728
2869,5,5,441,21.5,19103
2870,4,5,470,24.5,19895
2870,6,5,387,27.4,20273
2871,6,6,471,23.9,19774
2871,6,7,475,27.2,19247
2873,6,7,509,28.7,20938
2873,6,6,462,24.8,19991
2873,6,7,519,29.2,20703
2873,6,7,507,28.7,20998
2873,6,6,490,23.1,19782
2873,5,6,489,25.2,19959
2873,5,8,505,31.9,22138
2874,6,4,422,26.1,18501
2875,6,5,495,28.3,21860
2876,6,7,515,32.5,22068
2876,6,6,478,25.2,19537
2876,5,4,468,25.5,18801
2877,5,7,464,30.6,20893
2877,6,5,510,22.9,19660
2877,6,6,492,25.7,20256
2877,6,7,427,27.3,18484
2878,6,6,461,25.0,19821
2878,6,5,418,25.8,18682
2878,6,5,386,27.1,20664
2880,6,6,494,23.2,19908
2881,6,6,494,22.8,19783
2882,6,7,517,29.2,20833
2882,6,7,518,28.1,20680
2883,5,6,499,28.8,22100
2885,6,5,497,24.7,20099
2885,6,6,475,26.7,19068
2885,6,6,490,29.1,21651
2885,6,5,418,26.6,18859
2885,6,5,419,26.4,18645
2885,5,6,497,22.6,19660
2886,6,7,511,32.4,22166
2886,6,7,479,27.2,19303
2887,5,7,451,26.5,19858
2887,6,5,415,25.8,18580
2888,5,5,477,24.6,18893
2889,6,7,463,31.5,20986
2889,4,6,460,24.6,19819
2890,6,7,487,28.6,21618
2890,6,6,456,31.9,19848
2891,5,5,425,28.8,20668
2891,5,7,466,31.6,20667
2892,5,4,472,24.6,18942
2893,6,6,496,28.5,21872
2893,6,5,419,26.3,18571
2893,6,5,400,25.0,16434
2894,6,5,521,24.0,21374
2895,6,6,526,24.4,21453
2895,6,6,496,25.0,20036
2896,6,7,515,32.7,22001
2896,6,4,523,23.6,21414
2897,4,5,478,24.3,19022
2897,6,5,492,28.2,21717
2897,4,6,434,25.9,18761
2897,6,7,456,32.3,20054
2897,6,7,465,31.1,20897
2900,5,7,484,28.4,21412
2902,6,5,398,25.2,16401
2902,6,6,522,24.5,21544
2902,6,6,491,24.8,20072
2903,6,7,458,32.5,20069
2903,4,5,448,23.8,18542
2903,6,7,456,32.4,20149
2904,6,4,521,24.1,21467
2904,6,7,455,31.4,20034
2905,6,7,527,26.2,22209
2905,6,6,466,31.4,20925
2905,6,8,457,33.2,20109
2906,5,7,457,32.8,20041
2906,6,7,491,27.6,21544
2907,6,8,477,28.2,19224
2908,5,7,463,31.9,20663
2908,5,6,554,29.2,23170
2909,6,7,466,31.5,20970
2910,6,7,489,28.3,21626
2910,6,7,505,28.9,20849
2910,5,5,428,27.0,20778
2910,6,4,413,26.1,18674
2912,4,4,431,26.9,20631
2912,6,6,524,25.5,21797
2914,6,7,499,24.9,19966
2915,6,5,446,23.6,18728
2915,6,6,457,32.2,20072
2916,6,6,522,25.3,21737
2918,6,4,418,26.3,18490
2918,5,5,426,27.3,20653
2921,5,5,500,29.7,21081
2921,6,6,495,27.1,22499
2922,5,5,502,23.3,17220
2922,6,6,517,25.5,22319
2924,6,7,433,26.3,18778
2925,5,5,425,25.8,18713
2926,6,6,498,30.1,20952
2927,6,8,458,33.2,20086
2927,5,6,427,26.5,18856
2929,6,6,502,27.1,22014
2929,6,6,496,30.5,20902
2929,5,5,502,22.6,17034
2929,6,6,521,25.5,21778
2930,4,5,446,24.1,18674
2931,6,7,458,31.1,21963
2931,6,6,496,29.3,21887
2932,6,7,555,28.8,23170
2932,5,7,554,29.5,23170
2933,4,6,447,23.5,18794
2933,6,6,523,25.2,22294
2934,6,7,553,28.6,23170
2934,6,7,514,29.6,20264
2935,5,5,448,23.7,18728
2935,6,6,497,30.6,21009
2936,6,8,469,28.2,21237
2936,6,6,461,30.2,21648
2936,6,5,496,31.1,20917
2936,6,5,498,25.8,20345
2936,6,7,468,31.7,21951
2936,6,5,468,30.0,21547
2936,4,5,511,23.4,17413
2937,6,6,518,25.2,22293
2938,5,5,463,26.3,19797
2938,5,6,522,26.8,21878
2939,6,7,470,28.4,21421
2939,6,6,524,25.5,21632
2941,6,6,533,24.5,19751
2941,6,4,426,27.9,20667
2941,5,4,450,23.0,18938
2942,6,8,511,29.2,20299
2942,5,6,509,22.3,17263
2942,6,5,458,27.1,19777
2942,6,6,499,25.7,20448
2943,6,6,524,25.4,22289
2943,6,6,497,30.5,20984
2944,6,6,501,26.2,22266
2945,5,5,430,27.5,20812
2945,5,6,499,26.0,22221
2945,6,6,466,29.6,21495
2946,5,4,478,23.6,19199
2946,4,5,450,23.2,18765
2946,5,6,462,29.4,21396
2947,6,7,471,29.4,21231
2947,6,6,523,27.1,21565
2948,5,5,476,23.4,19206
2948,6,8,469,28.7,21248
2949,6,6,522,26.2,21670
2949,6,6,494,25.9,20449
2950,6,7,462,31.0,21855
2951,6,5,496,25.5,20506
2951,6,8,554,28.2,23170
2951,4,5,450,23.9,18577
2954,5,7,455,27.7,22305
2954,5,5,504,22.6,17253
2954,6,6,459,28.7,22403
2955,5,5,496,28.5,20766
2955,6,7,468,23.5,19520
2955,6,8,517,30.4,20191
2955,5,5,476,24.2,19131
2955,5,7,517,29.0,20201
2956,4,5,422,26.6,20856
2956,6,6,504,26.3,22336
2957,4,6,430,27.6,20842
2958,5,8,498,28.2,20586
2958,5,6,428,26.6,18825
2958,6,8,469,29.4,21155
2959,6,6,491,26.0,20452
2959,6,8,468,29.4,21183
2960,5,5,425,26.2,18885
2960,6,7,496,28.3,20866
2961,5,7,503,29.0,20576
2961,5,7,459,24.9,19255
2961,5,5,474,24.0,19014
2962,6,6,538,23.9,19685
2964,6,7,464,30.4,21855
2966,6,6,538,24.4,19692
2967,6,6,497,25.4,20403
2967,6,8,468,27.8,21322
2967,6,7,499,28.8,20578
2967,6,6,504,28.1,20520
2969,5,6,502,28.5,20406
2969,6,6,463,24.2,19321
2969,5,5,481,24.5,19105
2970,5,4,475,23.8,19070
2970,6,5,461,24.8,19357
2970,6,7,461,30.4,21708
2971,5,6,500,22.8,17389
2971,6,6,535,27.1,22502
2971,6,7,466,28.1,21173
2972,6,7,535,27.5,22448
2972,6,6,460,28.6,22255
2973,5,6,534,30.4,21854
2974,6,6,461,24.4,19295
2976,6,6,533,26.6,22306
2979,6,6,492,28.1,20859
2980,6,6,532,23.4,19776
2981,6,6,532,23.8,19713
2981,5,5,495,26.1,20496
2982,6,6,533,24.0,19642
2982,6,6,462,23.2,19519
2984,5,7,494,31.6,22462
2984,6,7,531,29.9,22018
2984,5,4,533,23.6,19996
2985,6,7,537,27.0,22471
2987,6,7,556,33.7,22166
2989,6,8,497,30.9,22909
2989,6,6,506,28.0,18944
2989,6,6,533,30.3,21824
2989,6,6,530,24.0,19648
2989,6,7,507,27.6,18956
2991,6,7,496,31.5,22644
2991,6,6,490,31.3,22475
2992,6,7,550,28.6,21756
2992,6,8,558,34.2,22151
2993,6,8,558,34.5,22202
2993,6,7,508,26.8,19054
2994,6,6,499,30.0,22647
2996,6,7,509,28.3,19073
2997,6,7,464,24.0,19318
2997,5,5,527,23.9,19926
2997,6,8,555,34.2,22194
2997,6,7,495,31.6,22586
2997,5,6,537,26.0,22608
2997,6,7,497,31.2,22684
2997,5,7,536,26.5,22486
2997,6,8,508,27.6,18887
2997,5,7,552,28.8,21666
2997,6,7,535,27.3,22406
2997,6,7,552,28.3,21843
2997,6,7,551,34.5,22245
2997,5,7,552,28.5,21928
2997,6,6,500,31.9,22689
2997,6,7,556,28.5,21842
2997,5,7,507,28.9,18981
